{"type": "FeatureCollection", "features": [{"type": "Feature", "properties": {"vessel": "Triputra", "vessel_id": 68583, "colour": "#3987e5", "source": "GFW", "segments": 8, "points": 10276}, "geometry": {"type": "MultiLineString", "coordinates": [[[119.59833, 3.97606], [119.59952, 3.93064], [119.61442, 3.70414], [119.60581, 3.41687], [119.60737, 3.29938], [119.60141, 3.03219], [119.58653, 2.75591], [119.58056, 2.47102], [119.5821, 2.32806], [119.56797, 1.6745], [119.5553, 1.47157], [119.55904, 1.30117], [119.55463, 1.18649], [119.54756, 1.12915], [119.51887, 1.08017], [119.45448, 1.00162], [119.20394, 0.71967], [119.16839, 0.6766], [119.15711, 0.66727], [119.13029, 0.64902], [119.1095, 0.63701], [119.09156, 0.62852], [119.05518, 0.61769], [118.88661, 0.52264], [118.71912, 0.4219], [118.55225, 0.3177], [118.49458, 0.28417], [118.4836, 0.30063], [118.52368, 0.32305], [118.55845, 0.33978], [118.73395, 0.43931], [118.79546, 0.47632], [118.80856, 0.48252], [118.83642, 0.49356], [118.86035, 0.50455], [119.04632, 0.60948], [119.04731, 0.62273], [119.0352, 0.63145], [119.02447, 0.63105], [119.00856, 0.6205], [118.93037, 0.55018], [118.75495, 0.44452], [118.67387, 0.39697], [118.65506, 0.38071], [118.62376, 0.35078], [118.59259, 0.33288], [118.41236, 0.24563], [118.39478, 0.23694], [118.24861, 0.15851], [118.24831, 0.1401], [118.27093, 0.1425], [118.33071, 0.17672], [118.33012, 0.19431], [118.31892, 0.18832], [118.20329, 0.10466], [118.17676, 0.08951], [118.07185, 0.0434], [117.98673, -0.00359], [117.93115, 0.00015], [117.91697, 0.01393], [117.92043, 0.02648], [117.93067, 0.03283], [117.94994, 0.03902], [117.96361, 0.02787], [117.95396, 0.02347], [117.942, 0.0238], [117.76463, 0.02018], [117.65361, 0.01869], [117.63754, 0.00764], [117.62352, 0.01179], [117.60963, 0.02136], [117.5969, 0.02893], [117.5751, 0.03982], [117.55727, 0.05432], [117.55145, 0.0628], [117.52053, 0.0928], [117.49614, 0.09431], [117.48438, 0.09527], [117.49661, 0.09491], [117.51537, 0.09405], [117.52541, 0.08845], [117.54149, 0.07712], [117.54833, 0.06764], [117.56909, 0.04436], [117.58088, 0.03971], [117.84144, -0.0052], [117.99435, -0.03136], [118.01636, -0.03725], [118.02793, -0.04495], [118.03963, -0.06196], [118.0477, -0.07574], [118.05841, -0.10895], [118.09127, -0.45582], [118.10055, -0.54546], [118.18243, -0.85522], [118.20984, -0.93077], [118.26091, -1.11875], [118.28942, -1.18495], [118.29805, -1.21697], [118.35226, -1.55639], [118.40642, -1.7543], [118.45737, -2.01068], [118.49573, -2.14073], [118.53012, -2.32647], [118.53222, -2.39165], [118.53991, -2.46305], [118.53934, -2.52957], [118.51, -2.84675], [118.50905, -2.91595], [118.51534, -3.13225], [118.53295, -3.28985], [118.53319, -3.36001], [118.52867, -3.64723], [118.49359, -3.72644], [118.28222, -4.00432], [118.03376, -4.30691], [117.847, -4.54904], [117.65362, -4.79179], [117.37858, -5.15893], [117.34291, -5.21847], [117.24756, -5.31604], [117.15261, -5.42664], [117.10531, -5.47424], [116.78567, -5.55513], [116.47817, -5.62421], [116.17025, -5.70247], [115.94496, -5.76204], [115.83349, -5.80131], [115.67242, -5.82852], [115.35762, -5.83235], [115.04995, -5.83238], [114.93164, -5.83247], [114.74464, -5.84456], [114.60251, -5.83331], [114.37976, -5.83234], [114.33289, -5.82714], [114.31157, -5.81802], [114.28329, -5.80257], [114.22898, -5.79739], [113.97102, -5.81764], [113.94069, -5.81518], [113.66561, -5.73337], [113.49841, -5.69316], [113.3035, -5.62528], [113.24058, -5.59612], [113.22818, -5.59212], [113.04028, -5.53914], [113.01492, -5.5342], [112.8478, -5.51368], [112.83324, -5.51093], [112.63696, -5.46265], [112.60485, -5.45272], [112.47504, -5.40378], [112.31179, -5.35579], [112.19514, -5.33141], [112.18264, -5.32772], [112.01897, -5.26371], [111.93692, -5.27526], [111.87933, -5.28703], [111.73983, -5.32679], [111.6998, -5.3357], [111.60689, -5.3451], [111.35262, -5.39231], [111.04843, -5.45589], [110.90981, -5.46847], [110.8155, -5.50023], [110.79688, -5.50344], [110.37225, -5.51707]], [[110.51908, -5.45746], [111.35243, -5.36521], [111.72269, -5.31482], [111.78398, -5.30603], [111.82676, -5.29749], [111.84172, -5.29338], [111.90186, -5.28301], [112.02706, -5.28292], [112.08656, -5.28617], [112.67152, -5.44899], [112.9033, -5.51238], [113.11614, -5.58965], [113.16058, -5.59712], [113.21033, -5.60183], [113.26481, -5.61873], [113.31173, -5.63865], [113.55511, -5.70942], [113.80707, -5.78147], [113.96202, -5.81613], [114.1799, -5.82193], [114.19262, -5.82236], [114.31839, -5.81051], [114.54619, -5.8225], [114.77724, -5.82018], [114.87019, -5.82173], [114.96543, -5.83182], [115.22102, -5.83402], [115.44673, -5.8359], [115.61773, -5.8369], [115.84016, -5.90914], [115.86877, -5.9177], [116.08179, -6.00215], [116.2947, -6.08995], [116.45663, -6.15725], [116.5384, -6.19752], [116.72468, -6.27372], [116.733, -6.27949], [116.73676, -6.28963], [116.72974, -6.31443], [116.6661, -6.50593], [116.58976, -6.74123], [116.57734, -6.77923], [116.58083, -6.79083], [116.61077, -6.79269], [116.65439, -6.64748], [116.65578, -6.63752], [116.64785, -6.62485], [116.6277, -6.62394], [116.61805, -6.63551], [116.52479, -6.87007], [116.45068, -7.09081], [116.38586, -7.29582], [116.38927, -7.31125], [116.40084, -7.31556], [116.41236, -7.30509], [116.40756, -7.29153], [116.39634, -7.28859], [116.38765, -7.29362], [116.37309, -7.33545], [116.36652, -7.35161], [116.33877, -7.40705], [116.30526, -7.46072], [116.18418, -7.6779], [116.17274, -7.69872], [116.10642, -7.84853], [116.08204, -7.87901], [116.06834, -7.8831], [115.84965, -7.88823], [115.83593, -7.89652], [115.83379, -7.91301], [115.83364, -7.95585], [115.83369, -7.97341], [115.83362, -7.99268], [115.83733, -8.01532], [115.84496, -8.02502], [115.88667, -8.07183], [115.94127, -8.14402], [115.94098, -8.15817], [115.93401, -8.16851], [115.8858, -8.22083], [115.87776, -8.2321], [115.85248, -8.27628], [115.84834, -8.28543], [115.81919, -8.36292], [115.80197, -8.42226], [115.7317, -8.59572], [115.72351, -8.61188], [115.71208, -8.61573], [115.6872, -8.61899], [115.45007, -8.62347], [115.43197, -8.62545], [115.41257, -8.62594], [115.3991, -8.63268], [115.35736, -8.66076], [115.3481, -8.67068], [115.33753, -8.68389], [115.32709, -8.69957], [115.30212, -8.72305], [115.29289, -8.72894], [115.27177, -8.73594], [115.26095, -8.73848], [115.24529, -8.74672], [115.23347, -8.75568], [115.22336, -8.75304], [115.21383, -8.74968], [115.23036, -8.75541], [115.24281, -8.7494], [115.25216, -8.74175], [115.26445, -8.73627], [115.27793, -8.73152], [115.2918, -8.72431], [115.30321, -8.71392], [115.32777, -8.69517], [115.33945, -8.68435], [115.3513, -8.67157], [115.36331, -8.66124], [115.37653, -8.65095], [115.41901, -8.6243], [115.52049, -8.61896], [115.5431, -8.61879], [115.64179, -8.61274], [115.67941, -8.60714], [115.69999, -8.59502], [115.71887, -8.5874], [115.79607, -8.56974], [115.81263, -8.56166], [115.81771, -8.55115], [115.86268, -8.43093], [115.87213, -8.4124], [115.91473, -8.30785], [116.01456, -8.08433], [116.06607, -7.95883], [116.18671, -7.72914], [116.29682, -7.50347], [116.36447, -7.34906], [116.44075, -7.11599], [116.51633, -6.88849], [116.57673, -6.69703], [116.6583, -6.4605], [116.71551, -6.29419], [116.71919, -6.2768], [116.71022, -6.26369], [116.47155, -6.1605], [116.42033, -6.14121], [116.33492, -6.11627], [116.06095, -5.99766], [115.8461, -5.90777], [115.66507, -5.84713], [115.20949, -5.81295], [115.1769, -5.81002], [114.95441, -5.84128], [114.73632, -5.83449], [114.66267, -5.8369], [114.55393, -5.83515], [114.51691, -5.82928], [114.50012, -5.82797], [114.26853, -5.82262], [114.25273, -5.82456], [114.21769, -5.83236], [114.1861, -5.83648], [114.07605, -5.82792], [114.05769, -5.82541], [113.82151, -5.77502], [113.76449, -5.76648], [113.69431, -5.74849], [113.66196, -5.7369], [113.40133, -5.66264], [113.14047, -5.5873], [113.00218, -5.54778], [112.89919, -5.52756], [112.75746, -5.48121], [112.65904, -5.45354], [112.54269, -5.4275], [112.29693, -5.35124], [112.18718, -5.31898], [112.07907, -5.28105], [111.99697, -5.26617], [111.98644, -5.26548], [111.73647, -5.30184], [111.48611, -5.33896], [111.25793, -5.3711], [111.16872, -5.37955], [110.98791, -5.41466], [110.75925, -5.427], [110.74553, -5.42956], [110.67787, -5.44995], [110.64849, -5.4547], [110.38284, -5.46941], [110.22193, -5.48473], [110.18264, -5.49083], [110.03785, -5.50135]], [[110.16709, -5.48926], [110.36603, -5.47175], [110.56493, -5.45294], [110.71356, -5.44349], [110.81182, -5.43129], [110.95249, -5.40515], [111.17408, -5.38558], [111.40029, -5.35506], [111.61373, -5.33121], [111.74115, -5.31641], [111.96241, -5.27219], [111.99268, -5.26556], [112.00805, -5.26838], [112.2287, -5.33361], [112.38528, -5.37969], [112.39988, -5.38264], [112.41469, -5.38143], [112.474, -5.36902], [112.51777, -5.36343], [112.57705, -5.36219], [112.59158, -5.36313], [112.64152, -5.36234], [112.66209, -5.36639], [112.80721, -5.47507], [112.8455, -5.49874], [113.04879, -5.56687], [113.23022, -5.61862], [113.34278, -5.64142], [113.55316, -5.70512], [113.56852, -5.70965], [114.24525, -5.84214], [114.26588, -5.83939], [114.28236, -5.83621], [114.30624, -5.82796], [114.54795, -5.83038], [115.66281, -5.83371], [115.96619, -5.95908], [116.5038, -6.17623], [116.71125, -6.33416], [116.53166, -6.83011], [116.37615, -7.33527], [116.38103, -7.37125], [116.38853, -7.42469], [116.40195, -7.48369], [116.40771, -7.50009], [116.44111, -7.55975], [116.48022, -7.74621], [116.49003, -7.79903], [116.49962, -7.8415], [116.50862, -7.88179], [116.54719, -8.038], [116.54938, -8.05122], [116.54032, -8.06546], [116.4768, -8.06353], [116.41074, -8.04864], [116.39969, -8.04895], [116.37151, -8.05254], [116.35877, -8.0563], [116.24139, -8.10423], [116.22102, -8.11487], [116.21037, -8.1202], [116.18662, -8.12967], [116.15111, -8.14401], [116.08817, -8.16788], [116.06942, -8.16233], [116.06493, -8.15161], [116.07456, -8.13629], [116.0895, -8.13373], [116.10657, -8.13579], [116.1182, -8.13692], [116.14322, -8.13542], [116.15354, -8.13345], [116.2258, -8.10744], [116.27258, -8.09157], [116.30443, -8.0809], [116.36609, -8.06066], [116.36796, -8.04744], [116.35354, -8.04185], [116.339, -8.04956], [116.2895, -8.07521], [116.2061, -8.11734], [116.12321, -8.1691], [116.11152, -8.17523], [116.03078, -8.21165], [116.01473, -8.21768], [115.99852, -8.2167], [115.989, -8.20431], [115.99417, -8.18431], [116.00018, -8.17453], [116.01174, -8.16257], [116.02393, -8.15424], [116.11996, -8.11214], [116.31064, -8.04964], [116.397, -8.0114], [116.41053, -8.01078], [116.46157, -8.0239], [116.48228, -8.03226], [116.49555, -8.03876], [116.52624, -8.05647], [116.55254, -8.08175], [116.55269, -8.11747], [116.53433, -8.11304], [116.47429, -8.0821], [116.46188, -8.07574], [116.44463, -8.06751], [116.41163, -8.05492], [116.39115, -8.04914], [116.37568, -8.04728], [116.35891, -8.04809], [116.36972, -8.04701], [116.33912, -8.0575], [116.20731, -8.12669], [116.15601, -8.14834], [116.12802, -8.16306], [116.11183, -8.17159], [116.10209, -8.17678], [116.06091, -8.19546], [116.04773, -8.19542], [116.03973, -8.18887], [116.04702, -8.16985], [116.0626, -8.1636], [116.15249, -8.1254], [116.27163, -8.07706], [116.29301, -8.06857], [116.32073, -8.06649], [116.33357, -8.06275], [116.33527, -8.04843], [116.32192, -8.04106], [116.30582, -8.0472], [116.12842, -8.1488], [116.11821, -8.16275], [116.12651, -8.17479], [116.13799, -8.17318], [116.175, -8.15123], [116.19133, -8.14415], [116.18719, -8.13471], [116.17646, -8.13487], [116.09674, -8.17028], [116.01265, -8.20182], [116.00007, -8.20351], [115.85249, -8.19059], [115.83136, -8.18769], [115.81711, -8.19204], [115.80075, -8.20728], [115.80547, -8.22193], [115.83321, -8.27289], [115.83957, -8.2881], [115.8365, -8.30133], [115.7967, -8.43892], [115.73203, -8.6045], [115.72417, -8.61306], [115.7106, -8.61626], [115.64152, -8.61863], [115.58783, -8.61665], [115.55665, -8.61542], [115.5452, -8.61447], [115.52572, -8.6116], [115.48801, -8.61152], [115.42046, -8.62397], [115.40904, -8.62672], [115.39244, -8.63564], [115.37609, -8.64691], [115.36121, -8.65742], [115.34587, -8.67198], [115.33262, -8.68691], [115.31434, -8.70762], [115.29832, -8.72204], [115.28903, -8.72656], [115.26617, -8.73501], [115.25668, -8.73972], [115.24133, -8.75072], [115.22313, -8.75278], [115.21081, -8.74703], [115.23085, -8.75581], [115.24203, -8.74993], [115.25106, -8.74309], [115.26238, -8.73688], [115.2751, -8.73151], [115.2856, -8.72772], [115.30046, -8.7179], [115.33325, -8.68904], [115.39876, -8.63152], [115.40996, -8.627], [115.43405, -8.62438], [115.4511, -8.62234], [115.56292, -8.61943], [115.62378, -8.61849], [115.71919, -8.62155], [115.78786, -8.6119], [115.79982, -8.59451], [115.82203, -8.50008], [115.8275, -8.4852], [115.89057, -8.32639], [116.0106, -8.09507], [116.0226, -8.07008], [116.10131, -7.8952], [116.21276, -7.66738], [116.25123, -7.59053], [116.30463, -7.50648], [116.36751, -7.35598], [116.44137, -7.12205], [116.52199, -6.87626], [116.59796, -6.63369], [116.66981, -6.42602], [116.71691, -6.25752], [116.72558, -6.21438], [116.73712, -6.17208], [116.82807, -5.92768], [116.86705, -5.79097], [116.87324, -5.77396], [117.00294, -5.60586], [117.03133, -5.56538], [117.29238, -5.24302], [117.34319, -5.18259], [117.43003, -5.10032], [117.45427, -5.06711], [117.54451, -4.9311], [117.70176, -4.73139], [117.85557, -4.53609], [118.03368, -4.30828], [118.07066, -4.26141], [118.11203, -4.21709], [118.27358, -4.01234], [118.28797, -3.99528], [118.34682, -3.93402], [118.48847, -3.73798], [118.58607, -3.61478], [118.59156, -3.58554], [118.58743, -3.51141], [118.58912, -3.31557], [118.58486, -3.24165], [118.57767, -3.16851], [118.57628, -3.09486], [118.57791, -3.05774], [118.57897, -2.83514], [118.58029, -2.72002], [118.58763, -2.63251], [118.58631, -2.61752], [118.57957, -2.58819], [118.57633, -2.56914], [118.56182, -2.47928], [118.55839, -2.43881], [118.55382, -2.42454], [118.51669, -2.33787], [118.51042, -2.30733], [118.50347, -2.25225], [118.45267, -2.01209], [118.43581, -1.97575], [118.42148, -1.93444], [118.40705, -1.84911], [118.40316, -1.8065], [118.34918, -1.56317], [118.29233, -1.30852], [118.23739, -1.0801], [118.18956, -0.86706], [118.18569, -0.85061], [118.17731, -0.8175], [118.16623, -0.77727], [118.15819, -0.7557], [118.13763, -0.69882], [118.12682, -0.66099], [118.12224, -0.56642], [118.07648, -0.38028], [118.02625, -0.14091], [118.02321, -0.12409], [118.01977, -0.09433], [118.02671, -0.07803], [118.03894, -0.07383], [118.05662, -0.0923], [118.07344, -0.17537], [118.11258, -0.34221], [118.11019, -0.35368], [118.10052, -0.35763], [118.09172, -0.35193], [118.05136, -0.22157], [118.02864, -0.11032], [118.02639, -0.09528], [118.03422, -0.07697], [118.07282, -0.03329], [118.10979, 0.00878], [118.12176, 0.02292], [118.16706, 0.07671], [118.15389, 0.09283], [118.01845, 0.01518], [118.01029, 0.00873], [118.00535, -0.00403], [118.01035, -0.02023], [118.03437, -0.02743], [118.06356, -0.02435], [118.10554, -0.01748], [118.18908, 0.00279], [118.30054, 0.01197], [118.33382, 0.0127], [118.34583, 0.00897], [118.35179, -0.00595], [118.35126, -0.07598], [118.35127, -0.08621], [118.35062, -0.16229], [118.3502, -0.17486], [118.34652, -0.1846], [118.33671, -0.19146], [118.31794, -0.18456], [118.31163, -0.16176], [118.25932, 0.07513], [118.25579, 0.09095], [118.24859, 0.10114], [118.23632, 0.10355], [118.01212, 0.02568], [117.97762, 0.01405], [117.96424, 0.00479], [117.90846, -0.04052], [117.89002, -0.04178], [117.88289, -0.03444], [117.87987, -0.02249], [117.87653, 0.00199], [117.87783, 0.0356], [117.87336, 0.04587], [117.86256, 0.04894], [117.74124, 0.01941], [117.69165, 0.02108], [117.64589, 0.0146], [117.63546, 0.00872], [117.62383, 0.01597], [117.61238, 0.02041], [117.59101, 0.03248], [117.57722, 0.03954], [117.56764, 0.04632], [117.55743, 0.05431], [117.55106, 0.06363], [117.54473, 0.07297], [117.52009, 0.09278], [117.50938, 0.0941], [117.49518, 0.09417], [117.48394, 0.09475], [117.51601, 0.09433], [117.54248, 0.07642], [117.55161, 0.06171], [117.55903, 0.05402], [117.56773, 0.04666], [117.60165, 0.04164], [117.6171, 0.02981], [117.62774, 0.01636], [117.66445, 0.01597], [117.67875, 0.01598], [117.70094, 0.01346], [117.77429, -0.00072], [117.97313, -0.0312], [117.9906, -0.03539], [117.99814, -0.05231], [118.03253, -0.17155], [118.06557, -0.32437], [118.07778, -0.43245], [118.08088, -0.44443], [118.15022, -0.68737], [118.20603, -0.93018], [118.26626, -1.18188], [118.31931, -1.42352], [118.37027, -1.65976], [118.4094, -1.83623], [118.42782, -1.90165], [118.47298, -2.12574], [118.47696, -2.15864], [118.4798, -2.2009], [118.48804, -2.24228], [118.50454, -2.28942], [118.50911, -2.30671], [118.52631, -2.35761], [118.54103, -2.4078], [118.54404, -2.42487], [118.54398, -2.44248], [118.54458, -2.45306], [118.56482, -2.58019], [118.56992, -2.63026], [118.57444, -2.6551], [118.57638, -2.7045], [118.60213, -2.91604], [118.60481, -2.93578], [118.60779, -3.07528], [118.59377, -3.36681], [118.58843, -3.53356], [118.45396, -3.78224], [118.43104, -3.80667], [118.42134, -3.81583], [118.29446, -3.9871], [118.11345, -4.20021], [117.94788, -4.42805], [117.92948, -4.45169], [117.89887, -4.48415], [117.7734, -4.64065], [117.7403, -4.68816], [117.62888, -4.8171], [117.60862, -4.84385], [117.55833, -4.92304], [117.52237, -4.97292], [117.33568, -5.19971], [117.16716, -5.41452], [116.96398, -5.66089], [116.90549, -5.73686], [116.88209, -5.7718], [116.8696, -5.81128], [116.86592, -5.82765], [116.85771, -5.85037], [116.83571, -5.90336], [116.799, -6.02201], [116.79067, -6.04461], [116.76502, -6.1019], [116.75794, -6.12042], [116.73266, -6.22514], [116.65608, -6.46214], [116.61732, -6.58392], [116.59986, -6.68863], [116.51818, -6.89079], [116.43616, -7.13774], [116.3744, -7.33208], [116.37218, -7.34717], [116.37965, -7.39723], [116.46967, -7.7548], [116.54291, -8.01273], [116.54188, -8.06164], [116.5305, -8.06314], [116.48809, -8.0633], [116.46636, -8.061], [116.41387, -8.04987], [116.3725, -8.03456], [116.27306, -8.05857], [116.14915, -8.1007], [116.04531, -8.1639], [115.98316, -8.20342], [115.97215, -8.21456], [115.97386, -8.22845], [115.98403, -8.23539], [116.00366, -8.22945], [116.0563, -8.19115], [116.06725, -8.18422], [116.10754, -8.16518], [116.18442, -8.11748], [116.21007, -8.1079], [116.22137, -8.10442], [116.28032, -8.09089], [116.29751, -8.08798], [116.3369, -8.08421], [116.34809, -8.0784], [116.36937, -8.06307], [116.40676, -8.05859], [116.53028, -8.06744], [116.54594, -8.06469], [116.54962, -8.05122], [116.53764, -8.04503], [116.37433, -8.0579], [116.14805, -8.16159], [116.12654, -8.17117], [116.05567, -8.18253], [116.03698, -8.18974], [116.02592, -8.1846], [116.0283, -8.16969], [116.03949, -8.16358], [116.09188, -8.1394], [116.2403, -8.08444], [116.25228, -8.08527], [116.26228, -8.10042], [116.2534, -8.11086], [116.2207, -8.12287], [116.19307, -8.13558], [116.17873, -8.13823], [116.13611, -8.13698], [115.89257, -8.08826], [115.85838, -8.08155], [115.84616, -8.08276], [115.79402, -8.11775], [115.7888, -8.12715], [115.7946, -8.13699], [115.81687, -8.16004], [115.82983, -8.16969], [115.85642, -8.17981], [115.86578, -8.18721], [115.86894, -8.21012], [115.85549, -8.26813], [115.80367, -8.43575], [115.74103, -8.5878], [115.72895, -8.60415], [115.71834, -8.60688], [115.70758, -8.61065], [115.69688, -8.61611], [115.64877, -8.64365], [115.63026, -8.64581], [115.61636, -8.62737], [115.60083, -8.62606], [115.56685, -8.62658], [115.55281, -8.6294], [115.54331, -8.63301], [115.52624, -8.63098], [115.5121, -8.62381], [115.4976, -8.61773], [115.48876, -8.60766], [115.48291, -8.59787], [115.46757, -8.59275], [115.45692, -8.59725], [115.40064, -8.62891], [115.38224, -8.64243], [115.3434, -8.67739], [115.33304, -8.68556], [115.325, -8.69544], [115.31533, -8.70462], [115.30364, -8.72015], [115.29396, -8.72683], [115.28402, -8.73237], [115.27275, -8.73567], [115.26098, -8.73652], [115.25181, -8.74235], [115.23695, -8.75457], [115.22577, -8.75373], [115.21579, -8.74954], [115.22921, -8.75487], [115.23967, -8.75196], [115.25495, -8.74058], [115.26702, -8.73529], [115.28397, -8.72556], [115.2995, -8.71768], [115.30843, -8.71212], [115.33971, -8.68603], [115.36839, -8.65855], [115.3976, -8.63438], [115.42063, -8.62702], [115.46195, -8.62572], [115.52405, -8.62074], [115.54308, -8.62057], [115.70129, -8.61958], [115.74041, -8.60983], [115.75322, -8.60588], [115.77396, -8.59706], [115.79205, -8.57383], [115.79991, -8.55771], [115.80774, -8.53749], [115.84181, -8.46719], [115.86026, -8.41933], [115.86634, -8.40592], [115.90104, -8.33587], [115.91945, -8.29149], [115.9532, -8.19623], [115.96203, -8.16395], [115.97799, -8.13], [116.09818, -7.90982], [116.14098, -7.81902], [116.18957, -7.7347], [116.21211, -7.68814], [116.24894, -7.62146], [116.35405, -7.37278], [116.38375, -7.29692], [116.46014, -7.05611], [116.5368, -6.82369], [116.55115, -6.78027], [116.61168, -6.66423], [116.61992, -6.64461], [116.62319, -6.63469], [116.68095, -6.4156], [116.67531, -6.37176], [116.67591, -6.36103], [116.68555, -6.33197], [116.75459, -6.20688], [116.76722, -6.18747], [116.77716, -6.1694], [116.80459, -6.05792], [116.85324, -5.90635], [116.88309, -5.79725], [116.91352, -5.73362], [117.00674, -5.60795], [117.15771, -5.42132], [117.22846, -5.32923], [117.37001, -5.15412], [117.51875, -4.96368], [117.56743, -4.90183], [117.61111, -4.85534], [117.75963, -4.66599], [117.78206, -4.63945], [117.92966, -4.44096], [118.00834, -4.3472], [118.15956, -4.14527], [118.21128, -4.07297], [118.29214, -3.98226], [118.30841, -3.96625], [118.45913, -3.77869], [118.52132, -3.69962], [118.58608, -3.6012], [118.58605, -3.57403], [118.58247, -3.5254], [118.59085, -3.29148], [118.58868, -3.27268], [118.56967, -3.21583], [118.56764, -3.20257], [118.56561, -3.16058], [118.56593, -3.14418], [118.58371, -3.00539], [118.59331, -2.82006], [118.58849, -2.57862], [118.58435, -2.51898], [118.59373, -2.45179], [118.59508, -2.41659], [118.59237, -2.40388], [118.55669, -2.29483], [118.49141, -2.17182], [118.47219, -2.119], [118.46133, -2.08288], [118.44292, -1.97854], [118.42778, -1.8657], [118.35787, -1.62305], [118.30035, -1.3746], [118.24273, -1.1093], [118.21599, -0.99676], [118.19514, -0.9238], [118.17998, -0.85053], [118.18516, -0.81071], [118.18395, -0.78779], [118.18263, -0.7766], [118.18067, -0.76541], [118.18437, -0.75562], [118.19416, -0.75329], [118.2025, -0.76061], [118.23341, -1.04163], [118.28709, -1.31083], [118.31643, -1.44161], [118.32511, -1.47877], [118.32562, -1.49693], [118.3512, -1.62114], [118.36799, -1.62755], [118.3759, -1.61433], [118.37311, -1.60133], [118.3564, -1.54241], [118.35426, -1.53135], [118.35291, -1.51453], [118.34717, -1.49928], [118.31463, -1.35589], [118.28908, -1.26428], [118.27939, -1.19861], [118.27721, -1.12421], [118.23262, -0.99781], [118.22397, -0.97886], [118.20279, -0.84182], [118.2031, -0.83072], [118.20787, -0.80097], [118.20716, -0.78937], [118.18196, -0.68519], [118.12356, -0.49641], [118.10383, -0.44404], [118.09636, -0.42449], [118.07653, -0.33913], [118.03383, -0.1697], [118.03664, -0.18029], [118.00676, -0.06795], [117.99363, -0.01763], [117.98927, -0.00758], [117.98213, 0.00019], [117.96882, 0.01228], [117.95069, 0.02005], [117.93218, 0.02132], [117.91386, 0.01444], [117.91348, -0.00373], [118.15464, -0.00949], [118.1723, -0.00889], [118.25515, 0.01791], [118.26613, 0.01979], [118.37385, 0.01306], [118.3795, 0.03532], [118.36739, 0.03823], [118.31553, 0.03661], [118.04033, 0.00857], [117.94722, -0.0], [117.93742, -0.00549], [117.93523, -0.02116], [117.94515, -0.03004], [117.95672, -0.02951], [117.97035, -0.02488], [117.97372, -0.01307], [117.95686, -0.00324], [117.70623, 0.01016], [117.6682, 0.01667], [117.65784, 0.01483], [117.63644, 0.00831], [117.62585, 0.01633], [117.5913, 0.03247], [117.57765, 0.03927], [117.56915, 0.0453], [117.55652, 0.0559], [117.55079, 0.06428], [117.52222, 0.09124], [117.50185, 0.09388], [117.48857, 0.09439], [117.51561, 0.09393], [117.52487, 0.08866], [117.54348, 0.07533], [117.54907, 0.06612], [117.55507, 0.05753], [117.56385, 0.049], [117.58214, 0.03953], [117.64433, 0.02976], [117.66394, 0.0277], [117.69382, 0.02642], [117.68, 0.02706], [117.72922, 0.02507], [117.79218, 0.02792], [117.80683, 0.02607], [117.87216, 0.01037], [117.98746, -0.02723], [117.99618, -0.03222], [118.00145, -0.04528], [118.00801, -0.07218], [118.01069, -0.0855], [118.04889, -0.24957], [118.05469, -0.27487], [118.05931, -0.30262], [118.06424, -0.33426], [118.1087, -0.53343], [118.1181, -0.56182], [118.14316, -0.62054], [118.14877, -0.63762], [118.17281, -0.75567], [118.20198, -0.90141], [118.22382, -1.00566], [118.29039, -1.31537], [118.36852, -1.61616], [118.38219, -1.67124], [118.41374, -1.84804], [118.4391, -1.95727], [118.44121, -1.9706], [118.44227, -1.99676], [118.4523, -2.04705], [118.46795, -2.08862], [118.47409, -2.10572], [118.46944, -2.09261], [118.47993, -2.12425], [118.48329, -2.1426], [118.48683, -2.17352], [118.48485, -2.19319], [118.48031, -2.21604], [118.48076, -2.23266], [118.48832, -2.26949], [118.49351, -2.28758], [118.49882, -2.298], [118.50424, -2.30763], [118.50644, -2.31825], [118.50909, -2.41428], [118.51092, -2.43316], [118.51385, -2.45184], [118.53089, -2.50265], [118.56051, -2.57797], [118.56546, -2.59682], [118.58044, -2.69282], [118.58644, -2.79499], [118.58901, -2.85783], [118.58619, -2.99902], [118.58815, -3.0549], [118.59409, -3.18352], [118.59125, -3.38183], [118.5913, -3.41663], [118.59129, -3.43054], [118.59156, -3.48505], [118.58392, -3.60823], [118.56126, -3.64835], [118.50928, -3.72468], [118.44163, -3.80658], [118.3314, -3.96626], [118.1638, -4.16419], [118.07915, -4.26065], [117.97311, -4.39754], [117.90021, -4.5066], [117.89072, -4.51746], [117.81256, -4.59652], [117.648, -4.79588], [117.55363, -4.92288], [117.37589, -5.14131], [117.36777, -5.1519], [117.35304, -5.17922], [117.33407, -5.21937], [117.3114, -5.25776], [117.21366, -5.37702], [117.03687, -5.57195], [116.99045, -5.62176], [116.89266, -5.75102], [116.88542, -5.76204], [116.83158, -5.92459], [116.82397, -5.95464], [116.76835, -6.04742], [116.75381, -6.07903], [116.67517, -6.32954], [116.6502, -6.41491], [116.60457, -6.53954], [116.53774, -6.79499], [116.48044, -6.99845], [116.43339, -7.14288], [116.41718, -7.21509], [116.39408, -7.41528], [116.39339, -7.43338], [116.42024, -7.54826], [116.43926, -7.61087], [116.51058, -7.85388], [116.55558, -8.05058], [116.55639, -8.06703], [116.54717, -8.08154], [116.53341, -8.08821], [116.51737, -8.08916], [116.5055, -8.08784], [116.38017, -8.05479], [116.36281, -8.05178], [116.12744, -8.14559], [116.0471, -8.1813], [116.03646, -8.18764], [116.0336, -8.19833], [116.04179, -8.20717], [116.05597, -8.20322], [116.25977, -8.09827], [116.28982, -8.08388], [116.35069, -8.05931], [116.36911, -8.05258], [116.38492, -8.04776], [116.39978, -8.0498], [116.45135, -8.05994], [116.54506, -8.08272], [116.5655, -8.08515], [116.5376, -8.05921], [116.44435, -8.05134], [116.39673, -8.05017], [116.34226, -8.06457], [116.20228, -8.11843], [116.07882, -8.17962], [116.06191, -8.18446], [116.05205, -8.17458], [116.05553, -8.16244], [116.07311, -8.15545], [116.1746, -8.12231], [116.1967, -8.11871], [116.22387, -8.11303], [116.3413, -8.07928], [116.35298, -8.07465], [116.3684, -8.06452], [116.3761, -8.0574], [116.39796, -8.05045], [116.48869, -8.0279], [116.49984, -8.01104], [116.491, -7.99657], [116.47938, -7.99311], [116.45572, -7.9893], [116.42157, -7.99522], [116.40543, -8.00308], [116.37846, -8.0185], [116.36777, -8.02457], [116.22232, -8.10622], [115.99986, -8.21564], [115.99025, -8.2188], [115.98099, -8.21282], [115.99475, -8.19632], [116.04017, -8.17775], [116.10703, -8.15636], [116.18976, -8.13698], [116.21442, -8.13049], [116.26658, -8.11242], [116.30499, -8.09865], [116.39352, -8.07614], [116.42526, -8.07828], [116.43803, -8.08136], [116.45827, -8.08173], [116.51221, -8.07218], [116.52507, -8.08045], [116.50994, -8.08776], [116.49686, -8.08421], [116.4727, -8.07425], [116.42928, -8.05256], [116.41558, -8.04852], [116.31297, -8.07309], [116.22462, -8.10113], [116.13437, -8.15049], [115.99882, -8.21379], [115.97755, -8.21818], [115.97203, -8.20964], [115.9786, -8.19774], [116.21909, -8.11275], [116.27743, -8.09053], [116.35903, -8.05061], [116.39144, -8.03062], [116.37817, -8.00866], [116.36527, -8.01157], [116.15082, -8.13012], [116.01394, -8.2045], [116.00731, -8.21599], [116.01425, -8.2308], [116.02981, -8.23379], [116.07552, -8.21764], [116.09152, -8.20606], [116.14457, -8.16062], [116.17592, -8.14154], [116.18145, -8.13281], [116.17378, -8.12287], [116.16354, -8.12501], [116.05739, -8.1829], [116.0438, -8.18497], [116.01062, -8.18459], [115.90517, -8.17691], [115.89278, -8.18023], [115.88393, -8.19478], [115.85743, -8.2216], [115.85152, -8.23251], [115.83607, -8.30944], [115.82437, -8.34637], [115.7904, -8.43797], [115.7853, -8.45694], [115.77089, -8.48932], [115.76558, -8.50649], [115.75249, -8.53359], [115.71493, -8.63466], [115.70334, -8.64362], [115.68453, -8.64189], [115.67233, -8.63434], [115.65274, -8.63218], [115.63194, -8.62508], [115.56873, -8.61078], [115.5576, -8.61086], [115.46857, -8.62161], [115.44091, -8.62683], [115.42459, -8.62757], [115.40507, -8.63072], [115.386, -8.63894], [115.36416, -8.65331], [115.35465, -8.66241], [115.33264, -8.68551], [115.32253, -8.69744], [115.31338, -8.70637], [115.29389, -8.72265], [115.28404, -8.72753], [115.27308, -8.73259], [115.26112, -8.73697], [115.2518, -8.74256], [115.2422, -8.74982], [115.22759, -8.75462], [115.21614, -8.75005], [115.23602, -8.75468], [115.25242, -8.74217], [115.30777, -8.70855], [115.32261, -8.69811], [115.33654, -8.68692], [115.34574, -8.67709], [115.37028, -8.65442], [115.40082, -8.63174], [115.41976, -8.62672], [115.44939, -8.62578], [115.52163, -8.62194], [115.55204, -8.61793], [115.6532, -8.61131], [115.69719, -8.60983], [115.73278, -8.60529], [115.74925, -8.59869], [115.75807, -8.59351], [115.78688, -8.56498], [115.79983, -8.54582], [115.83639, -8.45861], [115.85944, -8.39565], [115.87327, -8.36724], [115.92579, -8.23727], [116.04338, -8.02571], [116.13442, -7.83536], [116.13952, -7.82547], [116.14574, -7.81084], [116.17193, -7.73291], [116.26283, -7.53578], [116.36378, -7.3529], [116.47792, -7.01517], [116.56701, -6.72851], [116.65979, -6.44701], [116.8256, -5.94508], [116.86796, -5.81219], [116.97087, -5.63622], [117.36553, -5.17169], [117.41241, -5.10368], [117.56491, -4.90705], [117.7201, -4.71188], [117.9121, -4.46225], [118.29119, -3.98289], [118.43895, -3.76279], [118.55429, -3.61636], [118.57676, -3.59088], [118.58325, -3.56707], [118.58146, -3.52123], [118.58553, -3.47074], [118.58777, -3.30913], [118.5831, -3.20384], [118.56683, -3.05965], [118.56383, -3.00355], [118.56634, -2.65811], [118.56432, -2.5758], [118.57439, -2.38022], [118.57145, -2.33663], [118.48926, -2.13362], [118.47816, -2.10121], [118.44939, -1.99958], [118.38603, -1.73158], [118.32398, -1.46806], [118.27958, -1.23381], [118.23703, -1.08736], [118.19587, -1.01698], [118.1874, -0.97957], [118.14991, -0.75985], [118.12582, -0.57231], [118.12408, -0.55967], [118.10912, -0.50022], [118.10701, -0.48828], [118.05063, -0.26389], [118.0438, -0.22598], [118.04181, -0.20764], [117.98888, -0.001], [117.9962, 0.01762], [118.01125, 0.01874], [118.05906, -0.24351], [118.06891, -0.34263], [118.09866, -0.52979], [118.12012, -0.61842], [118.14365, -0.68228], [118.17874, -0.76646], [118.18727, -0.77487], [118.19739, -0.77464], [118.20362, -0.75693], [118.17875, -0.67934], [118.10068, -0.46799], [118.05026, -0.2368], [118.04667, -0.21478], [118.00966, -0.0691], [118.01437, -0.04654], [118.02965, -0.00999], [118.02581, 0.00145], [118.01365, 0.00531], [118.00338, -0.00671], [118.00172, -0.02959], [118.00954, -0.04151], [118.0214, -0.03756], [118.11419, -0.00211], [118.11636, 0.01842], [118.1013, 0.02181], [118.04208, 0.02384], [118.03083, 0.0289], [118.02836, 0.04189], [118.03491, 0.04951], [118.04735, 0.06008], [118.13542, 0.08031], [118.15217, 0.06069], [118.15803, 0.0495], [118.14913, 0.02229], [118.13767, 0.00711], [118.05751, -0.08644], [118.04881, -0.09244], [118.03793, -0.08932], [118.03618, -0.07639], [118.07569, -0.00409], [118.07641, 0.00837], [118.06745, 0.01934], [118.05336, 0.0232], [117.96413, 0.02551], [117.92039, 0.02051], [117.91082, 0.01583], [117.90424, 0.0033], [117.90816, -0.00928], [117.91849, -0.01427], [117.98588, -0.01242], [118.09785, -0.02406], [118.26977, -0.07073], [118.28203, -0.06566], [118.28914, -0.05633], [118.29067, -0.02934], [118.29047, 0.05531], [118.28892, 0.08059], [118.28296, 0.08995], [118.26401, 0.09491], [118.20963, 0.0863], [118.17982, 0.07642], [117.99616, -3e-05], [117.98467, -0.0012], [117.97147, -0.00224], [117.96152, -0.01653], [117.96351, -0.02761], [118.00637, -0.10907], [118.02153, -0.11506], [118.02459, -0.10526], [118.00596, -0.08393], [117.99997, -0.07306], [117.9959, -0.06388], [117.9791, -0.01789], [117.9737, -0.00858], [117.95862, -0.00384], [117.90532, 0.00087], [117.89033, 0.00152], [117.86596, -0.00361], [117.83272, -0.00056], [117.7805, 0.00067], [117.76909, 0.00198], [117.69971, 0.01953], [117.66114, 0.02479], [117.64736, 0.02484], [117.63489, 0.01012], [117.59251, 0.03373], [117.5755, 0.0409], [117.56366, 0.04924], [117.55534, 0.0559], [117.54733, 0.07029], [117.52281, 0.09035], [117.51093, 0.09415], [117.48456, 0.09477], [117.50395, 0.09444], [117.51442, 0.09439], [117.52721, 0.08731], [117.53887, 0.079], [117.54806, 0.0684], [117.554, 0.05899], [117.56634, 0.04723], [117.57738, 0.0409], [117.70173, 0.0206], [117.75906, 0.01675], [117.90445, -0.01469], [117.98701, -0.03816], [117.99984, -0.04382], [118.00738, -0.05202], [118.0146, -0.06326], [118.0227, -0.07795], [118.03242, -0.10376], [118.03576, -0.11646], [118.04369, -0.1655], [118.05075, -0.25327], [118.05671, -0.29177], [118.08824, -0.43552], [118.09121, -0.44513], [118.10264, -0.47314], [118.12295, -0.5234], [118.11875, -0.51295], [118.12562, -0.53047], [118.15519, -0.71444], [118.16816, -0.82613], [118.18772, -0.91233], [118.20866, -0.98527], [118.21307, -1.00171], [118.25576, -1.16326], [118.26781, -1.20318], [118.31951, -1.44821], [118.38028, -1.68795], [118.43596, -1.93493], [118.4902, -2.17964], [118.53491, -2.34461], [118.5408, -2.35711], [118.54794, -2.36826], [118.58308, -2.56156], [118.58754, -2.61982], [118.58933, -2.66344], [118.59125, -2.67734], [118.58923, -2.69329], [118.56807, -2.80711], [118.5611, -2.91131], [118.56943, -3.17366], [118.57431, -3.42691], [118.57453, -3.47219], [118.57443, -3.50883], [118.57445, -3.52084], [118.57184, -3.62089], [118.51824, -3.70875], [118.41648, -3.84591], [118.24831, -4.04417], [118.07877, -4.25146], [117.91764, -4.46267], [117.77263, -4.63406], [117.62406, -4.83453], [117.46952, -5.02592], [117.05186, -5.55172], [116.89365, -5.75094], [116.80455, -5.98854], [116.76558, -6.10634], [116.70002, -6.33836], [116.62228, -6.57183], [116.56985, -6.73116], [116.5245, -6.83854], [116.47772, -7.00864], [116.4312, -7.15722], [116.37015, -7.32272], [116.36561, -7.33864], [116.36282, -7.35445], [116.36364, -7.36969], [116.38889, -7.44477], [116.45231, -7.68188], [116.50349, -7.87674], [116.55614, -8.05458], [116.54836, -8.07639], [116.52498, -8.07866], [116.4848, -8.07824], [116.43069, -8.07346], [116.41237, -8.06885], [116.39212, -8.06572], [116.37239, -8.06622], [116.23945, -8.09142], [116.18171, -8.11631], [116.12837, -8.1459], [116.09227, -8.16978], [116.04907, -8.18937], [116.04075, -8.20137], [116.04453, -8.21149], [116.05479, -8.21538], [116.0725, -8.20683], [116.11582, -8.1807], [116.19982, -8.12167], [116.24344, -8.09717], [116.33465, -8.06046], [116.40036, -8.04384], [116.41044, -8.04296], [116.45484, -8.05155], [116.47229, -8.0534], [116.48666, -8.05794], [116.52009, -8.07121], [116.53542, -8.06667], [116.54184, -8.05355], [116.53348, -8.04314], [116.51464, -8.04405], [116.45611, -8.04997], [116.38135, -8.05284], [116.13874, -8.13289], [116.08219, -8.15234], [116.07323, -8.16029], [116.0864, -8.17741], [116.14656, -8.15423], [116.22039, -8.12316], [116.26691, -8.10748], [116.38392, -8.06281], [116.42196, -8.0547], [116.50746, -8.07633], [116.54997, -8.09113], [116.56577, -8.08966], [116.57211, -8.07633], [116.55864, -8.06003], [116.52145, -8.05025], [116.46848, -8.03961], [116.42716, -8.04304], [116.32282, -8.07043], [116.25923, -8.0977], [116.20087, -8.12891], [116.18807, -8.13708], [116.06214, -8.19422], [115.9649, -8.23114], [115.95407, -8.24132], [115.95566, -8.2633], [115.9697, -8.27185], [115.98852, -8.26718], [116.07714, -8.19218], [116.18837, -8.12381], [116.35708, -8.05203], [116.3713, -8.04719], [116.39125, -8.04853], [116.4377, -8.05639], [116.4732, -8.05979], [116.47489, -8.03947], [116.46073, -8.03589], [116.42133, -8.02852], [116.40567, -8.02735], [116.39484, -8.03001], [116.33493, -8.05957], [116.30367, -8.07133], [116.08116, -8.17097], [116.05283, -8.18356], [116.04291, -8.18538], [116.03343, -8.18204], [115.9022, -8.06608], [115.89273, -8.0619], [115.84923, -8.0558], [115.80281, -8.05372], [115.77816, -8.05494], [115.76791, -8.05814], [115.76201, -8.0686], [115.769, -8.08098], [115.79106, -8.10149], [115.80206, -8.12408], [115.8302, -8.2087], [115.83598, -8.22314], [115.84838, -8.26059], [115.84976, -8.27455], [115.81016, -8.3862], [115.79704, -8.44284], [115.78151, -8.49039], [115.77238, -8.51235], [115.74906, -8.5535], [115.73381, -8.57583], [115.72376, -8.58563], [115.70555, -8.59043], [115.65732, -8.59817], [115.64138, -8.60387], [115.61772, -8.61394], [115.60753, -8.61595], [115.59095, -8.6172], [115.53909, -8.62159], [115.52809, -8.62221], [115.50796, -8.62128], [115.49409, -8.6222], [115.47956, -8.62485], [115.4493, -8.63235], [115.43582, -8.63578], [115.37135, -8.6578], [115.36246, -8.66257], [115.3242, -8.69715], [115.31263, -8.70827], [115.32019, -8.70104], [115.2977, -8.72329], [115.28019, -8.73053], [115.26555, -8.73528], [115.25334, -8.74112], [115.24376, -8.74844], [115.23325, -8.75551], [115.2208, -8.75159], [115.21158, -8.74758], [115.22798, -8.75465], [115.2391, -8.75239], [115.25747, -8.73835], [115.27949, -8.72298], [115.29412, -8.71433], [115.3084, -8.70506], [115.3371, -8.68122], [115.35336, -8.66827], [115.36332, -8.65784], [115.38696, -8.63771], [115.4002, -8.62813], [115.41028, -8.62296], [115.43247, -8.61726], [115.44465, -8.61669], [115.48077, -8.61861], [115.56973, -8.61356], [115.60149, -8.61295], [115.65208, -8.60909], [115.78872, -8.57307], [115.82783, -8.53139], [115.90737, -8.30576], [116.01042, -8.08906], [116.0649, -7.95515], [116.20848, -7.6927], [116.32361, -7.45321], [116.36174, -7.37551], [116.36929, -7.35767], [116.435, -7.12174], [116.44545, -7.08381], [116.4765, -7.00124], [116.56093, -6.75753], [116.60221, -6.63259], [116.6136, -6.5903], [116.62243, -6.54688], [116.63554, -6.50533], [116.72525, -6.25441], [116.80845, -5.99831], [116.88181, -5.76929], [116.89185, -5.75354], [117.05369, -5.54774], [117.21813, -5.34769], [117.38119, -5.14325], [117.54487, -4.93074], [117.70618, -4.72877], [117.86505, -4.52718], [118.02819, -4.3186], [118.13304, -4.19451], [118.30807, -3.96926], [118.38679, -3.86442], [118.47376, -3.76293], [118.57996, -3.62109], [118.58625, -3.57826], [118.5892, -3.32766], [118.59266, -3.28645], [118.58603, -3.17741], [118.58121, -3.12644], [118.56756, -3.06093], [118.55592, -2.9264], [118.5557, -2.90145], [118.56085, -2.86027], [118.58701, -2.73734], [118.59055, -2.61901], [118.58862, -2.595], [118.58097, -2.57266], [118.57185, -2.55602], [118.55801, -2.51618], [118.5211, -2.30009], [118.48291, -2.12495], [118.48313, -2.0798], [118.48057, -2.03105], [118.46836, -1.98734], [118.41949, -1.85211], [118.35729, -1.61456], [118.30122, -1.35221], [118.2017, -0.95139], [118.15601, -0.7082], [118.14917, -0.67102], [118.08934, -0.41967], [118.03594, -0.16323], [118.00164, -0.02926], [118.00532, -0.0124], [118.01276, -0.00568], [118.02322, -0.00306], [118.03409, -0.0072], [118.04001, -0.02857], [118.0607, -0.25048], [118.06436, -0.31288], [118.06928, -0.34774], [118.12388, -0.5767], [118.13288, -0.61045], [118.13869, -0.65794], [118.13507, -0.68527], [118.12424, -0.68644], [118.11509, -0.65856], [118.10649, -0.49385], [118.10151, -0.47423], [118.08837, -0.43839], [118.08138, -0.42315], [118.02812, -0.15092], [117.99882, -0.00653], [117.99766, 0.00563], [118.00211, 0.0157], [118.01821, 0.02214], [118.02905, 0.01606], [118.03291, 0.00368], [118.06637, -0.23361], [118.08263, -0.39313], [118.12378, -0.59352], [118.13587, -0.63219], [118.14396, -0.64705], [118.16993, -0.75146], [118.19838, -0.77277], [118.19491, -0.73796], [118.14529, -0.65072], [118.08003, -0.39832], [118.06467, -0.33348], [118.01728, -0.06295], [118.00934, -0.01356], [118.00944, -0.00242], [118.01625, 0.00759], [118.04117, 0.01148], [118.1161, 0.00507], [118.32581, -0.0432], [118.34577, -0.03435], [118.22275, -0.00349], [118.01845, 0.01244], [118.00189, -0.00674], [118.00928, -0.01655], [118.03799, -0.0183], [118.31884, -0.00724], [118.30581, 0.02085], [118.06657, 0.02248], [117.98612, 0.02415], [117.97488, 0.01463], [117.97587, 0.00248], [117.98507, -0.00596], [117.99899, -0.00785], [118.00976, -0.00346], [118.01439, 0.01494], [118.00208, 0.01774], [117.85915, 0.01318], [117.81099, 0.01683], [117.75868, 0.02589], [117.74609, 0.0266], [117.67881, 0.02373], [117.66607, 0.022], [117.64737, 0.0149], [117.63929, 0.00258], [117.62895, 0.01446], [117.61871, 0.02274], [117.57698, 0.04428], [117.56679, 0.04832], [117.55663, 0.05586], [117.54956, 0.06665], [117.52214, 0.09147], [117.51187, 0.09394], [117.49665, 0.09409], [117.48316, 0.09514], [117.49349, 0.09514], [117.51409, 0.09451], [117.52771, 0.08702], [117.5421, 0.07691], [117.55243, 0.06113], [117.56624, 0.04781], [117.57604, 0.0437], [117.59636, 0.04042], [117.66042, 0.02409], [117.68413, 0.01959], [117.70476, 0.01794], [117.92698, -0.0211], [117.98352, -0.0324], [117.99511, -0.0472], [118.00208, -0.07438], [118.00563, -0.08966], [118.01561, -0.13264], [118.04718, -0.2621], [118.07976, -0.4074], [118.08849, -0.46953], [118.14312, -0.66392], [118.16065, -0.75054], [118.16832, -0.81057], [118.19409, -0.91426], [118.25592, -1.1297], [118.30415, -1.34996], [118.35331, -1.57512], [118.41533, -1.84609], [118.47438, -2.09558], [118.49205, -2.24242], [118.5241, -2.34569], [118.53627, -2.37748], [118.58747, -2.60278], [118.58939, -2.64151], [118.58895, -2.71947], [118.59273, -2.84964], [118.59256, -2.91061], [118.58901, -2.94987], [118.58277, -2.99557], [118.60028, -3.22239], [118.59945, -3.30493], [118.5808, -3.53605], [118.58014, -3.6015], [118.5743, -3.6166], [118.53155, -3.68087], [118.45883, -3.75232], [118.30061, -3.97503], [118.14202, -4.17573], [118.13434, -4.18546], [118.11713, -4.20496], [117.96761, -4.39424], [117.40038, -5.12006], [117.26735, -5.28464], [117.13734, -5.45212], [117.10928, -5.4902], [117.0406, -5.56722], [116.89017, -5.76021], [116.88031, -5.77361], [116.85409, -5.82426], [116.8324, -5.91932], [116.80987, -5.99447], [116.69889, -6.29489], [116.62277, -6.56856], [116.53365, -6.83263], [116.49844, -6.94312], [116.47465, -7.00265], [116.38893, -7.28543], [116.37316, -7.33449], [116.33933, -7.41705], [116.33611, -7.43977], [116.34685, -7.69537], [116.34642, -7.74955], [116.34654, -7.76567], [116.35583, -7.93312], [116.35542, -7.95053], [116.34526, -7.99956], [116.33479, -8.02197], [116.32366, -8.0316], [116.28729, -8.05276], [116.26984, -8.06148], [116.11123, -8.14003], [116.0577, -8.16728], [116.04537, -8.179], [116.05221, -8.1922], [116.06292, -8.18444], [116.0681, -8.17577], [116.07947, -8.16108], [116.17761, -8.11289], [116.19306, -8.11561], [116.18738, -8.13243], [116.17194, -8.12972], [116.06396, -8.06282], [115.99346, -8.07403], [115.87791, -8.08867], [115.85598, -8.09396], [115.85294, -8.10906], [115.85433, -8.12691], [115.86275, -8.17861], [115.8574, -8.1904], [115.84169, -8.19033], [115.83147, -8.18046], [115.8293, -8.15999], [115.82981, -8.13694], [115.81064, -8.00296], [115.82094, -7.99205], [115.82955, -8.01136], [115.83907, -8.12009], [115.83639, -8.13568], [115.82402, -8.14132], [115.80593, -8.13408], [115.80011, -8.11806], [115.80965, -8.10736], [115.82574, -8.12925], [115.84768, -8.28725], [115.84578, -8.30246], [115.78189, -8.4891], [115.77209, -8.50876], [115.76246, -8.52424], [115.75316, -8.5363], [115.73287, -8.55444], [115.71492, -8.56641], [115.70423, -8.57226], [115.69219, -8.57695], [115.67123, -8.58117], [115.65181, -8.58736], [115.63943, -8.59336], [115.63079, -8.59842], [115.61741, -8.6031], [115.56759, -8.61612], [115.55608, -8.61756], [115.49035, -8.61926], [115.47451, -8.62184], [115.43327, -8.63046], [115.42154, -8.63146], [115.41009, -8.63231], [115.39901, -8.63757], [115.3583, -8.66371], [115.3419, -8.67579], [115.33191, -8.68443], [115.31858, -8.69816], [115.30934, -8.70932], [115.30112, -8.71733], [115.29216, -8.72591], [115.27648, -8.73107], [115.26678, -8.73558], [115.25634, -8.73993], [115.24798, -8.74543], [115.23677, -8.755], [115.22338, -8.75236], [115.21077, -8.74708], [115.22946, -8.75529], [115.23993, -8.75238], [115.24995, -8.74459], [115.30024, -8.72118], [115.31323, -8.71242], [115.39006, -8.6396], [115.40765, -8.62559], [115.41907, -8.62213], [115.44695, -8.6171], [115.67216, -8.61428], [115.70283, -8.61087], [115.79104, -8.59187], [115.80808, -8.57843], [115.90826, -8.30658], [116.04388, -8.02229], [116.09768, -7.91556], [116.17321, -7.78818], [116.24442, -7.65629], [116.25545, -7.6395], [116.27071, -7.61204], [116.36075, -7.39411], [116.52919, -6.82396], [116.54877, -6.75159], [116.64287, -6.48897], [116.65409, -6.44586], [116.6634, -6.40224], [116.74856, -6.19315], [116.83351, -5.92019], [117.91274, -4.46278], [118.59291, -3.33332], [118.58232, -2.64588], [118.57287, -2.54274], [118.55493, -2.44637], [118.53311, -2.36773], [118.51516, -2.27333], [118.46946, -2.09738], [118.40577, -1.81172], [118.3912, -1.7654], [118.33718, -1.68524], [118.33081, -1.63751], [118.33008, -1.58891], [118.31988, -1.45784], [118.19723, -0.91974], [118.14345, -0.66694], [118.10557, -0.4833], [118.06982, -0.33324], [118.04918, -0.26756], [118.02895, -0.17796], [118.00965, -0.05427], [118.00461, -0.0414], [117.9943, -0.02989], [117.98269, -0.02334], [117.96839, -0.01921], [117.95657, -0.01134], [117.9525, 2e-05], [117.95868, 0.01353], [117.96914, 0.01638], [118.02029, 0.01022], [118.16249, 0.01357], [118.18317, 0.01229], [118.21169, -0.00663], [118.24342, -0.02349], [118.25864, -0.05038], [118.27923, -0.09931], [118.28515, -0.11613], [118.29372, -0.14694], [118.28963, -0.15962], [118.26795, -0.17026], [118.25756, -0.16809], [118.24878, -0.16129], [118.23991, -0.14416], [118.2381, -0.13342], [118.239, -0.11972], [118.24251, -0.11035], [118.25955, -0.09548], [118.27194, -0.09098], [118.28451, -0.09138], [118.29661, -0.09526], [118.30658, -0.10203], [118.31233, -0.11227], [118.33589, -0.16729], [118.34358, -0.17901], [118.35228, -0.19631], [118.37567, -0.27519], [118.38429, -0.30577], [118.38076, -0.32103], [118.36286, -0.32803], [118.35491, -0.3214], [118.1812, -0.13795], [118.03315, 0.01411], [118.02266, 0.01883], [118.01179, 0.01561], [118.00641, -0.00516], [118.05264, -0.1743], [118.05621, -0.18676], [118.12117, -0.38547], [118.11836, -0.39576], [118.10519, -0.39602], [118.09999, -0.38676], [118.09825, -0.3714], [118.08905, -0.32222], [118.05532, -0.20448], [118.02175, -0.04637], [118.02304, -0.02745], [118.03079, 0.01119], [118.03837, 0.02072], [118.05082, 0.02168], [118.11599, 0.01634], [118.1719, 0.00461], [118.18761, -0.014], [118.281, -0.23582], [118.30707, -0.33766], [118.29707, -0.35263], [118.28536, -0.35035], [118.27566, -0.34349], [118.08428, -0.17564], [118.07651, -0.15628], [118.08137, -0.14665], [118.16214, -0.04935], [118.16827, -0.03855], [118.20171, 0.02717], [118.20292, 0.03873], [118.19539, 0.04598], [118.1847, 0.0453], [118.03611, -0.0142], [117.93276, -0.00884], [117.92419, -0.00244], [117.92183, 0.00761], [117.92453, 0.018], [117.93471, 0.02808], [117.96133, 0.04601], [117.97207, 0.04949], [118.10937, 0.05811], [118.12754, 0.05956], [118.38902, 0.08261], [118.40721, 0.08409], [118.42213, 0.06331], [118.41207, 0.05586], [118.34046, 0.05875], [118.30564, 0.06031], [118.18037, 0.05227], [118.10703, 0.04056], [118.0088, 0.01551], [118.00052, 0.00594], [118.00636, -0.01095], [118.0199, -0.03266], [118.04183, -0.04301], [118.07903, -0.03406], [118.09148, -0.0226], [118.09231, -0.0123], [118.08783, -0.00265], [118.06658, 0.00595], [118.04004, 0.00881], [117.97112, 0.01969], [117.9303, 0.02337], [117.86835, 0.02285], [117.85618, 0.0197], [117.81896, 0.02023], [117.78981, 0.01451], [117.71784, 0.0167], [117.67153, 0.01655], [117.63644, 0.01214], [117.61552, 0.01776], [117.57404, 0.04233], [117.56473, 0.04868], [117.55607, 0.0558], [117.54925, 0.06695], [117.53997, 0.07668], [117.52092, 0.09199], [117.51093, 0.09373], [117.50074, 0.09378], [117.48443, 0.09541], [117.5153, 0.09427], [117.52708, 0.08722], [117.54193, 0.07669], [117.55348, 0.05935], [117.56308, 0.05012], [117.57216, 0.04385], [117.58182, 0.04095], [117.6081, 0.04358], [117.62929, 0.04577], [117.64023, 0.04596], [117.65506, 0.0439], [117.81574, 0.00638], [118.00083, -0.04144], [118.01008, -0.04738], [118.01877, -0.06078], [118.02571, -0.07377], [118.0288, -0.08538], [118.04044, -0.17259], [118.08472, -0.27825], [118.09261, -0.30408], [118.13452, -0.53246], [118.17477, -0.76915], [118.28201, -1.2642], [118.33029, -1.46107], [118.33957, -1.51133], [118.39001, -1.74554], [118.44127, -1.98025], [118.44497, -1.99712], [118.47638, -2.0945], [118.48164, -2.11066], [118.47796, -2.09928], [118.49205, -2.15592], [118.49504, -2.24209], [118.49465, -2.29055], [118.51709, -2.40009], [118.54315, -2.48308], [118.54699, -2.51689], [118.54973, -2.53307], [118.55258, -2.56653], [118.55125, -2.55621], [118.55597, -2.58527], [118.55853, -2.59599], [118.58349, -2.6494], [118.58916, -2.66493], [118.59539, -2.68642], [118.59531, -2.69859], [118.59141, -2.74815], [118.56755, -2.87666], [118.56344, -2.90904], [118.56104, -3.00026], [118.56386, -3.18355], [118.57292, -3.41909], [118.57358, -3.46875], [118.57321, -3.50397], [118.56937, -3.55508], [118.56641, -3.57149], [118.55928, -3.59124], [118.51177, -3.69315], [118.50559, -3.70987], [118.41748, -3.83295], [118.33792, -3.92489], [118.19189, -4.119], [118.08107, -4.25094], [118.03145, -4.31986], [117.94416, -4.42235], [117.79973, -4.61112], [117.6561, -4.78596], [117.5196, -4.96281], [117.41953, -5.09002], [117.39036, -5.12315], [117.27499, -5.24121], [117.20435, -5.33537], [117.13741, -5.4028], [117.12415, -5.4177], [117.06113, -5.52935], [116.91607, -5.73596], [116.90933, -5.75014], [116.8688, -5.88328], [116.86287, -5.89883], [116.79878, -6.03609], [116.79348, -6.04945], [116.73251, -6.23196], [116.68786, -6.36214], [116.6734, -6.40934], [116.6619, -6.45694], [116.65385, -6.49261], [116.64939, -6.52641], [116.64604, -6.54185], [116.64021, -6.56039], [116.58319, -6.69302], [116.51184, -6.91959], [116.41531, -7.18559], [116.36852, -7.3245], [116.36879, -7.34019], [116.37163, -7.35805], [116.37493, -7.37152], [116.41718, -7.54096], [116.43641, -7.61953], [116.43882, -7.6296], [116.44817, -7.66599], [116.45861, -7.70697], [116.47961, -7.78904], [116.48962, -7.82413], [116.48671, -7.81369], [116.53838, -7.98892], [116.54386, -8.00737], [116.55364, -8.04842], [116.54333, -8.07441], [116.52855, -8.076], [116.50763, -8.0777], [116.48693, -8.07991], [116.43495, -8.08495], [116.30454, -8.09087], [116.28993, -8.0907], [116.26861, -8.08905], [116.22701, -8.09112], [116.13461, -8.13367], [116.10583, -8.15236], [116.02046, -8.21619], [116.00509, -8.21962], [115.99455, -8.21007], [115.99778, -8.19783], [116.0948, -8.16327], [116.17751, -8.13093], [116.25584, -8.09857], [116.36027, -8.04846], [116.38451, -8.02868], [116.36734, -8.01796], [116.2953, -8.05941], [116.27479, -8.0701], [116.15003, -8.12753], [116.13385, -8.1296], [116.12099, -8.12418], [116.11215, -8.10849], [116.115, -8.09281], [116.12458, -8.07877], [116.13976, -8.07117], [116.15123, -8.07141], [116.16067, -8.07535], [116.16991, -8.08382], [116.17885, -8.09871], [116.18195, -8.11567], [116.17532, -8.13126], [116.1634, -8.14363], [116.04968, -8.19511], [116.04459, -8.20694], [116.05559, -8.2202], [116.06881, -8.21931], [116.23299, -8.13119], [116.31158, -8.08895], [116.32264, -8.08199], [116.35376, -8.06575], [116.39516, -8.06755], [116.48936, -8.07878], [116.55176, -8.08296], [116.57061, -8.07436], [116.56855, -8.05486], [116.53602, -8.05458], [116.42944, -8.07132], [116.26345, -8.12106], [116.20161, -8.12148], [116.17578, -8.12396], [116.14714, -8.1392], [116.08214, -8.16628], [116.03509, -8.19324], [116.01342, -8.20269], [116.00159, -8.18289], [116.00721, -8.17125], [116.01966, -8.16709], [116.14098, -8.14263], [116.33492, -8.08925], [116.51502, -8.0727], [116.51901, -8.0619], [116.5024, -8.05157], [116.48586, -8.05096], [116.4464, -8.05224], [116.36709, -8.06539], [116.27848, -8.09248], [116.05894, -8.18512], [116.04519, -8.1905], [116.03247, -8.19216], [116.02342, -8.17874], [116.03404, -8.1661], [116.07806, -8.14499], [116.31253, -8.06889], [116.39353, -8.04686], [116.54081, -8.08388], [116.55754, -8.08475], [116.60044, -8.08445], [116.6159, -8.06777], [116.60804, -8.0556], [116.5917, -8.05513], [116.57575, -8.05876], [116.54277, -8.06889], [116.52572, -8.07289], [116.47155, -8.08096], [116.37221, -8.08601], [116.32691, -8.08751], [116.29901, -8.09547], [116.22088, -8.12375], [116.22333, -8.14918], [116.23099, -8.1325], [116.2209, -8.12225], [116.20304, -8.11839], [116.19217, -8.12199], [116.00222, -8.20894], [115.98591, -8.22123], [115.98877, -8.23279], [116.00191, -8.23613], [116.1716, -8.13701], [116.19229, -8.12778], [116.2276, -8.11482], [116.30434, -8.08203], [116.37077, -8.07695], [116.38632, -8.07681], [116.40472, -8.07834], [116.42044, -8.07768], [116.46812, -8.06929], [116.49141, -8.05042], [116.48072, -8.041], [116.46235, -8.04261], [116.252, -8.09864], [116.23383, -8.10455], [116.01821, -8.20274], [115.99864, -8.19386], [116.00067, -8.18312], [116.01291, -8.17504], [116.18747, -8.11586], [116.36001, -8.06238], [116.38058, -8.05609], [116.40039, -8.05155], [116.41925, -8.05597], [116.45032, -8.06575], [116.52056, -8.08523], [116.53967, -8.08589], [116.56978, -8.08328], [116.58223, -8.08149], [116.59341, -8.07903], [116.60372, -8.06786], [116.60201, -8.05388], [116.58589, -8.04601], [116.57091, -8.04789], [116.55058, -8.05291], [116.53666, -8.05747], [116.50778, -8.06356], [116.47195, -8.07677], [116.45802, -8.08028], [116.43942, -8.08253], [116.40985, -8.08196], [116.39487, -8.08149], [116.37565, -8.07959], [116.36165, -8.07629], [116.31474, -8.07254], [116.28205, -8.08609], [116.05931, -8.18148], [116.01472, -8.19938], [116.01442, -8.21822], [116.02571, -8.21799], [116.26217, -8.10038], [116.33827, -8.06591], [116.42225, -8.06581], [116.51821, -8.07211], [116.52502, -8.07956], [116.52253, -8.09916], [116.51239, -8.1047], [116.49808, -8.10295], [116.40494, -8.08467], [116.33566, -8.07969], [116.3037, -8.082], [116.09643, -8.16354], [116.03372, -8.1932], [116.02169, -8.19466], [116.0121, -8.18301], [116.01856, -8.16873], [116.05243, -8.15151], [116.23725, -8.0712], [116.35756, -8.03182], [116.39793, -8.0326], [116.53883, -8.06727], [116.54945, -8.06641], [116.55562, -8.05784], [116.53024, -8.04012], [116.4759, -8.0382], [116.44657, -8.04125], [116.39348, -8.06408], [116.27638, -8.09197], [116.265, -8.09602], [116.2478, -8.11428], [116.25082, -8.13267], [116.24257, -8.14455], [116.23027, -8.14402], [116.21581, -8.11551], [116.19411, -8.11432], [116.00545, -8.21637], [115.99817, -8.23095], [116.00324, -8.24038], [116.02258, -8.23765], [116.06798, -8.19062], [116.09326, -8.16916], [116.10735, -8.15926], [116.13687, -8.14503], [116.3553, -8.0594], [116.45208, -8.05788], [116.49361, -8.05452], [116.51458, -8.05889], [116.51713, -8.07461], [116.49613, -8.08498], [116.3578, -8.08331], [116.33968, -8.08415], [116.12244, -8.14693], [116.10497, -8.15212], [116.10654, -8.17103], [116.12758, -8.16367], [116.26911, -8.09542], [116.28124, -8.0887], [116.3683, -8.0492], [116.38723, -8.04248], [116.42087, -8.04959], [116.46732, -8.06264], [116.51671, -8.07678], [116.5286, -8.06546], [116.51885, -8.05509], [116.29259, -8.09369], [116.27956, -8.10021], [116.28918, -8.11915], [116.30848, -8.10916], [116.38175, -8.05966], [116.39941, -8.05423], [116.43004, -8.05433], [116.49599, -8.06282], [116.51485, -8.06329], [116.55673, -8.06154], [116.56843, -8.05287], [116.55771, -8.03659], [116.54194, -8.03878], [116.51604, -8.04405], [116.52694, -8.04216], [116.4989, -8.04673], [116.45686, -8.05049], [116.42732, -8.05403], [116.36491, -8.06238], [116.34563, -8.06705], [116.30333, -8.08444], [116.27875, -8.09408], [116.19917, -8.12388], [116.16849, -8.13548], [116.15171, -8.14165], [116.13736, -8.14688], [116.10671, -8.1581], [116.04536, -8.18179], [115.99186, -8.20223], [115.98172, -8.20281], [115.97161, -8.19418], [115.9833, -8.16945], [116.05673, -8.17197], [116.0833, -8.16393], [116.13044, -8.14824], [116.18317, -8.13064], [116.24129, -8.10307], [116.25365, -8.09722], [116.26854, -8.10155], [116.26893, -8.11397], [116.25608, -8.11959], [116.23536, -8.12442], [116.22071, -8.12769], [116.20356, -8.1314], [116.16276, -8.14018], [116.09983, -8.16604], [116.08472, -8.17266], [116.03984, -8.19233], [116.0135, -8.20361], [115.99545, -8.20341], [115.95228, -8.19832], [115.91894, -8.1917], [115.90689, -8.19029], [115.88972, -8.19028], [115.87704, -8.2], [115.87113, -8.21279], [115.80677, -8.40549], [115.7659, -8.52428], [115.7336, -8.60551], [115.72089, -8.61081], [115.68158, -8.60784], [115.66384, -8.60762], [115.65731, -8.6177], [115.65563, -8.65716], [115.66545, -8.66816], [115.6781, -8.65812], [115.6854, -8.63773], [115.68603, -8.62035], [115.67901, -8.60994], [115.65759, -8.6071], [115.64289, -8.60845], [115.59971, -8.6113], [115.57921, -8.61421], [115.55864, -8.61499], [115.51645, -8.61421], [115.46783, -8.6171], [115.42936, -8.62136], [115.38392, -8.64047], [115.35806, -8.65588], [115.34278, -8.66679], [115.33514, -8.67655], [115.31805, -8.69951], [115.29734, -8.72198], [115.28114, -8.73089], [115.25225, -8.74278], [115.23602, -8.75509], [115.22129, -8.75202], [115.21078, -8.74699], [115.22203, -8.75219], [115.23311, -8.75586], [115.24305, -8.74938], [115.25206, -8.74166], [115.31875, -8.7055], [115.37576, -8.66061], [115.41446, -8.62787], [115.42907, -8.62218], [115.44809, -8.61834], [115.45869, -8.6171], [115.47333, -8.61652], [115.50023, -8.61891], [115.5112, -8.62104], [115.52089, -8.62447], [115.53714, -8.62874], [115.56515, -8.62423], [115.65854, -8.61058], [115.71742, -8.60445], [115.74671, -8.59558], [115.77785, -8.58157], [115.79268, -8.57346], [115.82129, -8.5291], [115.89166, -8.32417], [115.90339, -8.30135], [115.94665, -8.23385], [116.02599, -8.06698], [116.12991, -7.83173], [116.13749, -7.8168], [116.19317, -7.74093], [116.1988, -7.73099], [116.24458, -7.61175], [116.24926, -7.60219], [116.29942, -7.54135], [116.31713, -7.50015], [116.35106, -7.38343], [116.43652, -7.14339], [116.46102, -7.06677], [116.47591, -7.00368], [116.5698, -6.72347], [116.65214, -6.47555], [116.66257, -6.441], [116.66653, -6.43038], [116.70636, -6.34015], [116.72822, -6.26171], [116.73862, -6.23422], [116.78598, -6.13494], [116.80536, -6.08053], [116.86735, -5.84127], [116.9984, -5.60823], [117.12635, -5.44368], [117.26107, -5.28852], [117.40868, -5.07934], [117.41741, -5.06687], [117.42573, -5.06019], [117.46201, -5.03697], [117.50552, -5.00169], [117.61638, -4.85764], [117.62563, -4.84511], [117.67244, -4.78194], [117.66564, -4.79111], [117.83828, -4.558], [118.00671, -4.3457], [118.16848, -4.13966], [118.33261, -3.94719], [118.41485, -3.82616], [118.49471, -3.72257], [118.53802, -3.66669], [118.57394, -3.62483], [118.58008, -3.60704], [118.58457, -3.58999], [118.5844, -3.55941], [118.58214, -3.52169], [118.56891, -3.48398], [118.55007, -3.41222], [118.54896, -3.39523], [118.54879, -3.23236], [118.55532, -3.09964], [118.55473, -3.11033], [118.55666, -3.07473], [118.55488, -3.03314], [118.55735, -2.98798], [118.55966, -2.95132], [118.56568, -2.76336], [118.56393, -2.62346], [118.56573, -2.59587], [118.60525, -2.32821], [118.60391, -2.33961], [118.6132, -2.25795], [118.61476, -2.22466], [118.61208, -2.20877], [118.60408, -2.18751], [118.59245, -2.15808], [118.58505, -2.14493], [118.47845, -1.99133], [118.43093, -1.91054], [118.42488, -1.89861], [118.41961, -1.8859], [118.41514, -1.87248], [118.36107, -1.59351], [118.29568, -1.30921], [118.24942, -1.11305], [118.23048, -1.05061], [118.2127, -0.93236], [118.20336, -0.89172], [118.2001, -0.87685], [118.17484, -0.76309], [118.11995, -0.53102], [118.11039, -0.48634], [118.04471, -0.23123], [117.99429, -0.01314], [117.99949, 0.00154], [118.01418, 0.00677], [118.18839, 0.01643], [118.33742, 0.0113], [118.34794, 0.00555], [118.34781, -0.00594], [118.33713, -0.0103], [118.11317, -0.00909], [118.09442, -0.00889], [118.0515, -0.00463], [117.97182, 0.00962], [117.92022, 0.01632], [117.90549, 0.01795], [117.89402, 0.00613], [117.90196, -0.00361], [117.99579, -0.0675], [118.00825, -0.08469], [118.04256, -0.19601], [118.07453, -0.32715], [118.08186, -0.37992], [118.07903, -0.3904], [118.0696, -0.39443], [118.05908, -0.38987], [118.05415, -0.37882], [118.05716, -0.36673], [118.11256, -0.27352], [118.2677, -0.0502], [118.27588, -0.04216], [118.2929, -0.02731], [118.31182, -0.01562], [118.32478, -0.01798], [118.32685, -0.04088], [118.19484, -0.18571], [118.18548, -0.19124], [118.07053, -0.24245], [118.05889, -0.24028], [118.05281, -0.22771], [118.05943, -0.21153], [118.15392, -0.04193], [118.1576, -0.02954], [118.15392, -0.01928], [118.13403, -0.0114], [118.00656, 0.00485], [117.98978, -0.00457], [117.9918, -0.01459], [118.00648, -0.02062], [118.26376, 0.00764], [118.33867, 0.01835], [118.31352, 0.04556], [118.1918, 0.0586], [118.14371, 0.05006], [118.04533, 0.02152], [118.03563, 0.01176], [118.02558, -0.05978], [118.01102, -0.06986], [118.00051, -0.06629], [117.99295, -0.05925], [117.99787, -0.0332], [117.99488, -0.02201], [117.98589, -0.01709], [117.89431, 0.00119], [117.79812, 0.03244], [117.78511, 0.03246], [117.77595, 0.02516], [117.76964, 0.01342], [117.76235, 0.00643], [117.75161, 0.00746], [117.66423, 0.02242], [117.60538, 0.02953], [117.59515, 0.03218], [117.58446, 0.03626], [117.57524, 0.04088], [117.56546, 0.047], [117.55711, 0.05393], [117.55074, 0.06258], [117.53535, 0.08114], [117.52089, 0.09228], [117.51096, 0.0938], [117.49319, 0.09376], [117.47994, 0.09776], [117.49501, 0.09479], [117.51625, 0.09389], [117.54012, 0.07803], [117.54738, 0.06889], [117.55355, 0.05959], [117.5688, 0.04368], [117.57898, 0.03935], [117.65202, 0.02277], [117.73151, 0.01062], [117.8035, -0.00756], [117.86248, -0.01839], [117.97243, -0.043], [117.99537, -0.05641], [118.00666, -0.07465], [118.02311, -0.1122], [118.06942, -0.33575], [118.12089, -0.56197], [118.16996, -0.79], [118.22537, -1.01915], [118.23949, -1.08299], [118.24509, -1.13197], [118.25586, -1.18157], [118.30805, -1.37115], [118.32251, -1.40726], [118.32545, -1.42056], [118.37587, -1.67113], [118.4186, -1.8552], [118.43647, -1.98555], [118.45351, -2.0209], [118.48996, -2.14377], [118.49067, -2.15779], [118.49007, -2.22239], [118.49366, -2.23875], [118.53671, -2.3466], [118.53964, -2.36215], [118.53918, -2.37809], [118.53997, -2.4132], [118.54497, -2.46386], [118.54739, -2.53141], [118.54996, -2.5649], [118.55171, -2.57634], [118.59551, -2.8131], [118.59967, -2.85533], [118.59656, -2.89765], [118.57055, -3.07152], [118.57973, -3.3145], [118.58748, -3.56182], [118.58761, -3.6022], [118.44526, -3.79327], [118.29315, -3.98227], [118.14229, -4.17167], [117.99795, -4.36111], [117.84898, -4.54863], [117.76321, -4.65134], [117.62197, -4.83993], [117.47409, -5.02487], [117.32132, -5.2158], [117.24608, -5.31329], [117.18202, -5.38313], [117.16147, -5.40854], [117.03809, -5.57306], [116.88721, -5.76305], [116.88146, -5.77249], [116.80375, -6.00831], [116.72808, -6.23676], [116.699, -6.33285], [116.66086, -6.44987], [116.61639, -6.5615], [116.55052, -6.78756], [116.53681, -6.82965], [116.46312, -7.0633], [116.38412, -7.29482], [116.37711, -7.31448], [116.37552, -7.32693], [116.38878, -7.42585], [116.44572, -7.65823], [116.50923, -7.90258], [116.54353, -8.03096], [116.53201, -8.04587], [116.46661, -8.06648], [116.42607, -8.07107], [116.38206, -8.07904], [116.30245, -8.10267], [116.08806, -8.17127], [116.07467, -8.17835], [116.07341, -8.19133], [116.08046, -8.19938], [116.09726, -8.19948], [116.14859, -8.16932], [116.17785, -8.14999], [116.19202, -8.13952], [116.20552, -8.13072], [116.27438, -8.10181], [116.35645, -8.07259], [116.40355, -8.05035], [116.42056, -8.04399], [116.43586, -8.04348], [116.44259, -8.05318], [116.43562, -8.06722], [116.41802, -8.07213], [116.29495, -8.09217], [116.22852, -8.11165], [116.15422, -8.14194], [116.12869, -8.15208], [116.09503, -8.1677], [116.03795, -8.1936], [116.023, -8.20071], [116.00421, -8.2094], [115.99283, -8.206], [115.99198, -8.1883], [116.00855, -8.18035], [116.03805, -8.17115], [116.07058, -8.16011], [116.26735, -8.09459], [116.29576, -8.08248], [116.35994, -8.05493], [116.37945, -8.0505], [116.42869, -8.04838], [116.44379, -8.05181], [116.51593, -8.07819], [116.53317, -8.08237], [116.68462, -8.09026], [116.71393, -8.09755], [116.71284, -8.10966], [116.69934, -8.11801], [116.6484, -8.1081], [116.50618, -8.07241], [116.39832, -8.05285], [116.38448, -8.05549], [116.33465, -8.06799], [116.31856, -8.07207], [116.23912, -8.09957], [116.20819, -8.10765], [116.14575, -8.12039], [116.11544, -8.12647], [116.10055, -8.12947], [116.05599, -8.13967], [116.05155, -8.15047], [116.06078, -8.1615], [116.08067, -8.15873], [116.3842, -8.0465], [116.53809, -8.04265], [116.5491, -8.03767], [116.54891, -8.01687], [116.40406, -8.02666], [116.38676, -8.02936], [116.25418, -8.0983], [116.03343, -8.19181], [116.02098, -8.1971], [116.01276, -8.20511], [116.01345, -8.21693], [116.02237, -8.22447], [116.03517, -8.22231], [116.25502, -8.10904], [116.36992, -8.04996], [116.38149, -8.04405], [116.39298, -8.0397], [116.40377, -8.04113], [116.41768, -8.04425], [116.44621, -8.05031], [116.46362, -8.05566], [116.54596, -8.08607], [116.56395, -8.08893], [116.61119, -8.08875], [116.62091, -8.09819], [116.60843, -8.10832], [116.58873, -8.1082], [116.54505, -8.10342], [116.52643, -8.09506], [116.50399, -8.08359], [116.49234, -8.08026], [116.4244, -8.06406], [116.3846, -8.05144], [116.36349, -8.05444], [116.34646, -8.06202], [116.20203, -8.12031], [116.14592, -8.13908], [116.1021, -8.15927], [116.08846, -8.16587], [116.07284, -8.17363], [116.01421, -8.20132], [116.02555, -8.22142], [116.05737, -8.20383], [116.11895, -8.16682], [116.18291, -8.12597], [116.19706, -8.11602], [116.24248, -8.09788], [116.29332, -8.08012], [116.35043, -8.05606], [116.40283, -8.04003], [116.41902, -8.03458], [116.43279, -8.03106], [116.4538, -8.03566], [116.4827, -8.04407], [116.51021, -8.05203], [116.53663, -8.04394], [116.52618, -8.03196], [116.38279, -8.06552], [116.36057, -8.06885], [116.31799, -8.07519], [116.29754, -8.08053], [116.23555, -8.10415], [116.12337, -8.16086], [116.05844, -8.18756], [116.04242, -8.19393], [116.0533, -8.18958], [116.03376, -8.19747], [116.01774, -8.20375], [116.00437, -8.19527], [116.00663, -8.18535], [116.03147, -8.17442], [116.06528, -8.1622], [116.13688, -8.14028], [116.17301, -8.12896], [116.20362, -8.11879], [116.29155, -8.09105], [116.34482, -8.07938], [116.38004, -8.07394], [116.47566, -8.06278], [116.49101, -8.06407], [116.52336, -8.06993], [116.5439, -8.07359], [116.5546, -8.07551], [116.57435, -8.07889], [116.59488, -8.08216], [116.60641, -8.08743], [116.60875, -8.09832], [116.59905, -8.10862], [116.57516, -8.10791], [116.52677, -8.10321], [116.491, -8.09984], [116.50231, -8.10092], [116.47177, -8.09779], [116.44368, -8.09511], [116.38941, -8.08988], [116.37326, -8.08731], [116.38329, -8.08891], [116.36123, -8.08533], [116.33889, -8.08914], [116.25953, -8.10951], [116.19403, -8.12264], [116.1526, -8.14075], [115.99739, -8.21673], [115.99106, -8.22756], [116.00839, -8.23657], [116.24135, -8.10085], [116.30366, -8.08036], [116.46278, -8.03766], [116.48104, -8.03905], [116.45809, -8.05315], [116.38125, -8.02777], [116.34877, -8.03014], [116.33117, -8.03515], [116.13162, -8.13156], [116.01803, -8.19417], [116.00717, -8.2037], [116.0094, -8.21516], [116.0226, -8.22096], [116.25515, -8.1081], [116.37802, -8.04675], [116.39535, -8.0444], [116.43077, -8.04784], [116.44856, -8.05146], [116.57197, -8.08196], [116.58412, -8.08798], [116.58124, -8.10537], [116.50708, -8.08443], [116.49048, -8.08314], [116.30121, -8.08532], [116.28123, -8.08751], [116.27044, -8.09078], [116.23364, -8.10671], [116.2234, -8.11117], [116.0535, -8.1857], [116.04893, -8.19589], [116.05422, -8.2044], [116.08135, -8.20093], [116.18794, -8.13404], [116.3769, -8.04214], [116.40332, -8.0328], [116.41992, -8.04083], [116.44736, -8.05688], [116.46389, -8.03842], [116.45202, -8.03327], [116.21441, -8.11619], [116.19131, -8.12292], [116.10571, -8.15544], [116.02426, -8.19222], [116.02754, -8.20827], [116.0507, -8.20579], [116.29655, -8.09226], [116.38374, -8.05188], [116.42344, -8.04467], [116.46437, -8.05569], [116.54429, -8.08211], [116.54793, -8.09732], [116.52878, -8.09845], [116.44895, -8.07343], [116.40801, -8.06546], [116.36599, -8.06378], [116.34811, -8.06517], [116.16987, -8.13236], [115.99327, -8.21076], [115.9799, -8.21811], [115.97742, -8.22884], [115.9965, -8.23728], [116.1568, -8.14086], [116.26141, -8.09536], [116.3696, -8.02599], [116.16568, -8.12339], [116.07894, -8.16647], [116.07851, -8.1848], [116.09005, -8.18549], [116.29255, -8.08294], [116.36186, -8.0643], [116.34012, -8.08124], [116.28301, -8.09447], [116.2685, -8.09296], [116.07828, -8.08866], [115.94726, -8.078], [115.93134, -8.07742], [115.92076, -8.08722], [115.89299, -8.1696], [115.88509, -8.17953], [115.86981, -8.18088], [115.82097, -8.18163], [115.78821, -8.18207], [115.77275, -8.17903], [115.76165, -8.16864], [115.76276, -8.15714], [115.77185, -8.1479], [115.79271, -8.14695], [115.84574, -8.14925], [115.85768, -8.14559], [115.8611, -8.13421], [115.8542, -8.12467], [115.84296, -8.12893], [115.8403, -8.14578], [115.85064, -8.29833], [115.84813, -8.31475], [115.83687, -8.33707], [115.83257, -8.3612], [115.82923, -8.37848], [115.8209, -8.39357], [115.81647, -8.41066], [115.7992, -8.45304], [115.78579, -8.47663], [115.77903, -8.49347], [115.77314, -8.51195], [115.76369, -8.53055], [115.75573, -8.54382], [115.74782, -8.56062], [115.72994, -8.61674], [115.72176, -8.63138], [115.71359, -8.63716], [115.70274, -8.63971], [115.69243, -8.6379], [115.67142, -8.6293], [115.65772, -8.624], [115.63708, -8.62388], [115.5672, -8.6232], [115.5165, -8.62699], [115.45102, -8.62639], [115.43153, -8.62767], [115.41849, -8.62991], [115.39883, -8.6374], [115.37232, -8.6504], [115.35665, -8.66275], [115.33591, -8.6806], [115.29211, -8.72088], [115.28235, -8.72721], [115.27255, -8.73325], [115.25199, -8.74176], [115.23726, -8.75399], [115.2237, -8.75287], [115.21071, -8.74701], [115.2203, -8.75136], [115.22962, -8.75513], [115.23986, -8.75201], [115.26243, -8.73264], [115.34804, -8.67215], [115.42373, -8.6266], [115.4454, -8.61645], [115.46963, -8.61318], [115.49221, -8.61507], [115.50449, -8.6184], [115.51483, -8.61704], [115.53263, -8.61397], [115.54764, -8.61259], [115.57684, -8.61226], [115.61459, -8.60863], [115.64765, -8.60359], [115.66169, -8.59921], [115.67653, -8.5943], [115.70795, -8.58902], [115.73506, -8.58667], [115.75487, -8.58909], [115.76892, -8.58727], [115.78409, -8.58434], [115.79835, -8.57345], [115.83397, -8.52023], [115.84268, -8.50269], [115.84962, -8.48473], [115.87502, -8.41453], [115.88086, -8.39714], [115.89803, -8.35904], [115.92446, -8.27259], [115.92961, -8.26215], [116.00359, -8.11974], [116.05404, -8.00624], [116.12009, -7.86422], [116.13597, -7.83099], [116.19607, -7.70565], [116.23363, -7.62593], [116.25824, -7.58475], [116.28877, -7.54469], [116.30652, -7.50565], [116.314, -7.48648], [116.3247, -7.45771], [116.33856, -7.4189], [116.35094, -7.38255], [116.35548, -7.36929], [116.38801, -7.28876], [116.40782, -7.21769], [116.46954, -7.04441], [116.51044, -6.90907], [116.59413, -6.64747], [116.69003, -6.36081], [116.7762, -6.08832], [116.86339, -5.81472], [116.87895, -5.77503], [116.9253, -5.68996], [116.99707, -5.54458], [117.00686, -5.5297], [117.14399, -5.36256], [117.5309, -4.95024], [117.72119, -4.7078], [117.89338, -4.48984], [118.06455, -4.27228], [118.23421, -4.0602], [118.39661, -3.8514], [118.47047, -3.74149], [118.49767, -3.70782], [118.55625, -3.64504], [118.57753, -3.61035], [118.59114, -3.44331], [118.59368, -3.35849], [118.59084, -3.31625], [118.5845, -3.27337], [118.56354, -3.19139], [118.55723, -3.14894], [118.56095, -3.10541], [118.56054, -3.06207], [118.55578, -3.01864], [118.57726, -2.9335], [118.58279, -2.89171], [118.57606, -2.84887], [118.573, -2.80615], [118.57244, -2.76413], [118.57683, -2.72163], [118.57929, -2.67202], [118.5724, -2.63398], [118.58239, -2.55565], [118.58213, -2.53942], [118.57894, -2.51229], [118.54261, -2.39932], [118.52956, -2.3408], [118.52977, -2.32783], [118.51166, -2.27636], [118.50926, -2.26656], [118.50665, -2.2502], [118.50511, -2.23016], [118.49764, -2.19238], [118.45493, -2.01586], [118.45034, -2.00175], [118.44513, -1.99066], [118.40198, -1.90878], [118.3955, -1.88727], [118.35488, -1.60856], [118.29759, -1.33769], [118.23509, -1.07005], [118.17681, -0.81054], [118.11785, -0.54821], [118.05591, -0.28494], [118.03157, -0.17795], [118.03427, -0.16137], [118.04176, -0.15397], [118.06532, -0.15559], [118.07155, -0.16596], [118.10539, -0.28403], [118.14214, -0.45588], [118.14084, -0.46641], [118.12283, -0.47363], [118.11381, -0.46778], [118.10868, -0.45613], [118.11256, -0.39923], [118.10979, -0.35275], [118.10233, -0.30253], [118.00489, -0.07881], [118.00939, -0.06514], [118.02733, -0.06396], [118.03427, -0.07804], [118.05987, -0.16832], [118.07194, -0.20099], [118.08567, -0.25292], [118.1206, -0.47376], [118.11778, -0.48369], [118.10014, -0.4782], [118.03846, -0.21806], [118.02298, -0.15018], [118.02716, -0.05391], [118.0497, -0.03617], [118.12955, -0.03228], [118.38538, -0.05746], [118.39126, -0.08765], [118.30991, -0.24744], [118.3011, -0.2554], [118.29029, -0.25627], [118.06914, -0.23026], [118.05921, -0.22279], [118.05424, -0.21114], [118.00421, -0.03432], [117.99879, 0.00035], [118.00408, 0.00932], [118.0206, 0.0148], [118.03004, 0.00993], [118.03482, -0.00024], [118.03303, -0.03221], [118.02478, -0.08112], [118.02004, -0.13363], [118.01979, -0.15268], [118.02178, -0.18289], [118.08067, -0.40125], [118.08884, -0.43446], [118.09521, -0.44269], [118.1068, -0.44261], [118.11387, -0.43274], [118.1125, -0.42193], [118.04099, -0.15727], [118.00968, -0.0548], [117.99933, -0.02748], [117.98716, -0.0231], [117.9527, -0.01468], [117.94613, -0.00287], [117.95611, 0.00954], [117.98095, 0.01275], [118.13047, 0.01842], [118.15194, 0.01739], [118.27084, -0.00271], [118.29213, -0.00276], [118.26642, 0.03794], [118.23828, 0.04467], [118.18879, 0.04635], [118.09624, 0.03944], [118.05538, 0.03051], [117.99278, 0.01162], [117.88939, 0.01357], [117.86423, 0.01235], [117.85421, 0.0034], [117.82246, -0.00032], [117.72716, 0.01631], [117.7077, 0.01833], [117.66962, 0.01864], [117.63908, 0.002], [117.63098, 0.00871], [117.62579, 0.01852], [117.60386, 0.02801], [117.58596, 0.03365], [117.57285, 0.04237], [117.55624, 0.05531], [117.54993, 0.06467], [117.54293, 0.07443], [117.51929, 0.0931], [117.5091, 0.09432], [117.49885, 0.09393], [117.4836, 0.09524], [117.51571, 0.09414], [117.54102, 0.0772], [117.55261, 0.06049], [117.56821, 0.04606], [117.57962, 0.04247], [117.62139, 0.03352], [117.64534, 0.02999], [117.88337, -0.01198], [117.91912, -0.01801], [117.97972, -0.05356], [117.99021, -0.06468], [118.00302, -0.08201], [118.0111, -0.09712], [118.01717, -0.11117], [118.02926, -0.15083], [118.07644, -0.37615], [118.11304, -0.5216], [118.11671, -0.54698], [118.12761, -0.71056], [118.13492, -0.74614], [118.17432, -0.83086], [118.23377, -1.06487], [118.28845, -1.314], [118.29474, -1.35979], [118.29492, -1.41183], [118.29478, -1.45354], [118.30169, -1.51118], [118.34041, -1.65018], [118.41533, -1.87771], [118.43017, -1.92449], [118.48461, -2.15207], [118.5245, -2.30627], [118.5245, -2.31995], [118.52271, -2.34209], [118.52232, -2.358], [118.52659, -2.40999], [118.52964, -2.42091], [118.54084, -2.45048], [118.57896, -2.65338], [118.57887, -2.66976], [118.58115, -2.75176], [118.58018, -2.84751], [118.58364, -2.92177], [118.59742, -3.05368], [118.60665, -3.11479], [118.60677, -3.16097], [118.58681, -3.24307], [118.5852, -3.25401], [118.58025, -3.42551], [118.58211, -3.50283], [118.58041, -3.59175], [118.57169, -3.61716], [118.5133, -3.7051], [118.45979, -3.77522], [118.44391, -3.7919], [118.37301, -3.88247], [118.2379, -4.05609], [118.19728, -4.1159], [118.05571, -4.28768], [118.01073, -4.35214], [117.94761, -4.43624], [117.92548, -4.46264], [117.82309, -4.58305], [117.68251, -4.7644], [117.57941, -4.89013], [117.52553, -4.94655], [117.49607, -4.97185], [117.46383, -4.99466], [117.43637, -5.02221], [117.38755, -5.08356], [117.25683, -5.27976], [117.17383, -5.40667], [117.15189, -5.43704], [117.11697, -5.50468], [116.97663, -5.67854], [116.87768, -5.79472], [116.82756, -5.94424], [116.74987, -6.17453], [116.67886, -6.40368], [116.63647, -6.51661], [116.56525, -6.74493], [116.49197, -6.96765], [116.43033, -7.14955], [116.36812, -7.34089], [116.36652, -7.35174], [116.43168, -7.5925], [116.49126, -7.82573], [116.55113, -8.05075], [116.5308, -8.06815], [116.46589, -8.05064], [116.40597, -8.03857], [116.37842, -8.03506], [116.36675, -8.04089], [116.32118, -8.0664], [116.24503, -8.07719], [116.22603, -8.08639], [116.21469, -8.09433], [116.19618, -8.08758], [116.2001, -8.07312], [116.21597, -8.06998], [116.2975, -8.06033], [116.30874, -8.05521], [116.31242, -8.03923], [116.29507, -8.02583], [116.28331, -8.02717], [116.25287, -8.04623], [116.20408, -8.08312], [116.15602, -8.12532], [116.09527, -8.1658], [116.08641, -8.17633], [116.09032, -8.19163], [116.09985, -8.19622], [116.11937, -8.18758], [116.32344, -8.07324], [116.35186, -8.05806], [116.38512, -8.04782], [116.40161, -8.0484], [116.50172, -8.07698], [116.56714, -8.1016], [116.58316, -8.11083], [116.58029, -8.1242], [116.5667, -8.12373], [116.37134, -8.06757], [116.35464, -8.06778], [116.33756, -8.07271], [116.26165, -8.10238], [116.04101, -8.19378], [116.03478, -8.20871], [116.05141, -8.21482], [116.20164, -8.12799], [116.21021, -8.11566], [116.2068, -8.10087], [116.19739, -8.09594], [116.18376, -8.10178], [116.08261, -8.15868], [116.04315, -8.18977], [116.03043, -8.19824], [116.01384, -8.20629], [116.0054, -8.22148], [116.01562, -8.23096], [116.03003, -8.22686], [116.24527, -8.11186], [116.38873, -8.04034], [116.45122, -8.03083], [116.48298, -8.02796], [116.52815, -8.04406], [116.55045, -8.07064], [116.54118, -8.08106], [116.5199, -8.0813], [116.35929, -8.07026], [116.34174, -8.07545], [116.12635, -8.16133], [116.0564, -8.18805], [116.02988, -8.2004], [116.02337, -8.21476], [116.03188, -8.22031], [116.2558, -8.12054], [116.39779, -8.05808], [116.41071, -8.05396], [116.44828, -8.06147], [116.58266, -8.09887], [116.59698, -8.08912], [116.59344, -8.07732], [116.57414, -8.07149], [116.56083, -8.07329], [116.54278, -8.07712], [116.52971, -8.07867], [116.46247, -8.0731], [116.36774, -8.05227], [116.35535, -8.05697], [116.30957, -8.08347], [116.2949, -8.09032], [116.21169, -8.12192], [116.19585, -8.12217], [116.1466, -8.1195], [116.13057, -8.12012], [116.10706, -8.125], [116.07054, -8.14044], [116.03875, -8.15687], [116.03139, -8.16428], [116.0321, -8.17587], [116.04392, -8.18548], [116.0549, -8.18517], [116.17378, -8.13979], [116.19406, -8.13346], [116.37223, -8.04891], [116.39034, -8.04222], [116.46183, -8.05856], [116.54139, -8.08244], [116.54941, -8.09042], [116.53919, -8.10468], [116.52366, -8.09956], [116.49706, -8.089], [116.48077, -8.08247], [116.38125, -8.05247], [116.14883, -8.15011], [116.05453, -8.19758], [116.04466, -8.2041], [116.0478, -8.22016], [116.06225, -8.21867], [116.27838, -8.1096], [116.33914, -8.07929], [116.35319, -8.07236], [116.38445, -8.05963], [116.39426, -8.05763], [116.49433, -8.07805], [116.5222, -8.08173], [116.56337, -8.08677], [116.57143, -8.09343], [116.57057, -8.10473], [116.55914, -8.10827], [116.54064, -8.10396], [116.55133, -8.10648], [116.4494, -8.0827], [116.41657, -8.07538], [116.38787, -8.069], [116.37203, -8.06542], [116.35823, -8.04886], [116.38385, -8.03327], [116.39111, -8.04077], [116.39227, -8.05335], [116.38202, -8.0656], [116.17011, -8.14879], [116.14001, -8.15956], [116.12675, -8.15851], [116.12001, -8.14617], [116.12743, -8.13177], [116.21296, -8.09983], [116.23398, -8.1113], [116.22696, -8.12545], [116.02562, -8.21583], [116.00808, -8.22388], [115.99197, -8.224], [115.9839, -8.2153], [116.00043, -8.18929], [116.03194, -8.17536], [116.21152, -8.10796], [116.22163, -8.10702], [116.23354, -8.11605], [116.23425, -8.13003], [116.2258, -8.13891], [116.08344, -8.17486], [116.01208, -8.20474], [116.00084, -8.20745], [115.90045, -8.16979], [115.88782, -8.17488], [115.8719, -8.22919], [115.85137, -8.23486], [115.80337, -8.23683], [115.78892, -8.2419], [115.78531, -8.25527], [115.81072, -8.27305], [115.82093, -8.2649], [115.82604, -8.21206], [115.8288, -8.19553], [115.85165, -8.20059], [115.85518, -8.25416], [115.85198, -8.27281], [115.82215, -8.38016], [115.7296, -8.62024], [115.72076, -8.63333], [115.70232, -8.63972], [115.69092, -8.63757], [115.672, -8.63199], [115.63767, -8.62532], [115.61497, -8.62314], [115.55956, -8.62759], [115.54549, -8.62737], [115.51326, -8.62476], [115.4446, -8.62483], [115.42652, -8.6267], [115.41548, -8.63032], [115.40588, -8.63405], [115.39665, -8.63826], [115.37388, -8.65193], [115.36011, -8.66139], [115.30913, -8.7107], [115.2994, -8.71904], [115.28847, -8.72516], [115.26954, -8.73322], [115.25845, -8.73999], [115.24924, -8.74513], [115.24037, -8.7518], [115.22951, -8.7557], [115.21609, -8.74962], [115.23484, -8.75556], [115.25151, -8.74293], [115.26222, -8.73745], [115.29583, -8.72297], [115.30535, -8.71709], [115.33282, -8.69716], [115.3465, -8.68515], [115.36195, -8.6745], [115.36985, -8.66826], [115.40972, -8.62818], [115.42013, -8.62355], [115.4394, -8.61959], [115.45806, -8.61869], [115.55293, -8.62216], [115.57293, -8.62136], [115.61997, -8.61642], [115.6352, -8.61679], [115.72111, -8.61906], [115.79041, -8.60764], [115.80095, -8.60201], [115.80823, -8.58698], [115.85479, -8.43975], [115.89946, -8.31675], [115.98368, -8.14482], [116.09006, -7.91529], [116.20579, -7.68328], [116.32197, -7.45871], [116.36619, -7.38882], [116.38042, -7.35512], [116.45859, -7.0854], [116.57292, -6.72764], [116.6419, -6.50064], [116.77297, -6.11704], [116.83002, -5.95202], [116.87099, -5.8733], [116.93134, -5.70717], [117.0229, -5.60043], [117.10448, -5.52428], [117.25438, -5.31324], [117.75562, -4.66336], [118.18122, -4.12756], [118.31129, -3.96223], [118.38598, -3.87013], [118.53335, -3.68309], [118.56565, -3.64514], [118.58427, -3.61896], [118.59266, -3.48184], [118.60326, -3.37843], [118.60588, -3.31786], [118.61048, -3.28687], [118.6135, -3.24187], [118.61132, -3.23133], [118.6045, -3.21479], [118.59445, -3.1752], [118.59099, -3.15211], [118.59017, -3.14058], [118.58873, -3.10933], [118.58063, -3.02737], [118.58046, -3.00119], [118.587, -2.91805], [118.58557, -2.66665], [118.58533, -2.62558], [118.5814, -2.59177], [118.53385, -2.36636], [118.48258, -2.13049], [118.39629, -1.76037], [118.37095, -1.64389], [118.34936, -1.56966], [118.34017, -1.53011], [118.32042, -1.36201], [118.26633, -1.11679], [118.20072, -0.87664], [118.13614, -0.63246], [118.12686, -0.59014], [118.10682, -0.52598], [118.08843, -0.42324], [118.08535, -0.41115], [118.03165, -0.17833], [118.02744, -0.16189], [117.99603, -0.02025], [118.00935, -0.00663], [118.01831, -0.0128], [118.02079, -0.02363], [118.03324, -0.16214], [118.03889, -0.20586], [118.08893, -0.43069], [118.15679, -0.66465], [118.17586, -0.76844], [118.15197, -0.73945], [118.10307, -0.48764], [118.04651, -0.2381], [118.00532, -0.06351], [118.00219, -0.04613], [118.00883, -0.03135], [118.02131, -0.02005], [118.03252, -0.0211], [118.04363, -0.03853], [118.04408, -0.04957], [118.0326, -0.16514], [118.03212, -0.17778], [118.03612, -0.2012], [118.06384, -0.30688], [118.06839, -0.33748], [118.08907, -0.46304], [118.09522, -0.47226], [118.12228, -0.47344], [118.13303, -0.44657], [118.13469, -0.42927], [118.13484, -0.39912], [118.13185, -0.38056], [118.04099, -0.14284], [118.03562, -0.12799], [118.00399, -0.04119], [118.00643, -0.02922], [118.01401, -0.02114], [118.03226, -0.01383], [118.11882, 0.01541], [118.13132, 0.01664], [118.2746, 0.01583], [118.32798, -0.01835], [118.28615, -0.02362], [118.20538, -0.02648], [118.18373, -0.02586], [118.01006, -0.01254], [118.00021, -0.00596], [118.00092, 0.00454], [118.00997, 0.00951], [118.04907, 0.00836], [118.29689, 0.00198], [118.34106, -0.00127], [118.35214, -0.00113], [118.36186, 0.00543], [118.35008, 0.03504], [118.30546, 0.04106], [118.27975, 0.04082], [118.19859, 0.03299], [118.15442, 0.03237], [118.10285, 0.03205], [118.05555, 0.02818], [117.98081, 0.01367], [117.80507, 0.0152], [117.79332, 0.01079], [117.77731, 0.01396], [117.76309, 0.02018], [117.75322, 0.02224], [117.71524, 0.02171], [117.64673, 0.01346], [117.63448, 0.00991], [117.57255, 0.04242], [117.55675, 0.05488], [117.5498, 0.0641], [117.54337, 0.07406], [117.52493, 0.08962], [117.51542, 0.09367], [117.49505, 0.09374], [117.47994, 0.09774], [117.49853, 0.09436], [117.51579, 0.09388], [117.52726, 0.08754], [117.53965, 0.07887], [117.5463, 0.07095], [117.55412, 0.05889], [117.56293, 0.05091], [117.58332, 0.04304], [117.59711, 0.04946], [117.60722, 0.05649], [117.62717, 0.07243], [117.73268, 0.1177], [117.78424, 0.14989], [117.84405, 0.16992], [117.98474, 0.22181], [118.09151, 0.27185], [118.2895, 0.33769], [118.37547, 0.35691], [118.56878, 0.42439], [118.62908, 0.45105], [118.64174, 0.45521], [118.93641, 0.51358], [119.24407, 0.57042], [119.61959, 0.65586], [119.69402, 0.69476], [119.92466, 0.9166], [120.07369, 1.07163], [120.11312, 1.10798], [120.46183, 1.34519], [120.51116, 1.37834]], [[120.96287, 1.58637], [120.38967, 1.29301], [120.18124, 1.15794], [120.10561, 1.10003], [119.86173, 0.87765], [119.67658, 0.70231], [119.43401, -0.00668], [119.47869, -0.21035], [119.3721, -0.50321], [119.25342, -0.81872], [119.22173, -0.9261], [119.20532, -0.97084], [119.11159, -1.27278], [119.06566, -1.4423], [119.03901, -1.5137], [119.02733, -1.53794], [118.96803, -1.62147], [118.95379, -1.67054], [118.92641, -1.72339], [118.91826, -1.73547], [118.91011, -1.74577], [118.86562, -1.82166], [118.82658, -1.91382], [118.77725, -2.06928], [118.76125, -2.13842], [118.75185, -2.16585], [118.73488, -2.20667], [118.71071, -2.25158], [118.67327, -2.34658], [118.62629, -2.48884], [118.62838, -2.55055], [118.61942, -2.65261], [118.61602, -2.75856], [118.60014, -2.90886], [118.5983, -3.0569], [118.59849, -3.06738], [118.60068, -3.07882], [118.60286, -3.09937], [118.59475, -3.15677], [118.59404, -3.16809], [118.5937, -3.22057], [118.59472, -3.29824], [118.59458, -3.34057], [118.59305, -3.45642], [118.59305, -3.48234], [118.59231, -3.517], [118.58769, -3.55914], [118.58618, -3.59215], [118.58397, -3.61099], [118.57384, -3.62713], [118.5525, -3.65063], [118.53781, -3.67202], [118.50973, -3.7157], [118.28508, -3.99603], [118.09339, -4.23253], [117.9911, -4.36755], [117.97085, -4.38989], [117.88793, -4.4703], [117.85767, -4.50735], [117.83051, -4.54769], [117.80691, -4.59019], [117.72227, -4.69906], [117.70019, -4.72291], [117.53148, -4.95253], [117.49821, -4.99871], [117.32447, -5.21469], [117.30051, -5.24803], [117.2251, -5.33426], [117.04611, -5.5614], [116.90882, -5.73494], [116.89433, -5.75789], [116.79815, -6.03223], [116.72758, -6.23802], [116.72389, -6.29118], [116.71783, -6.33429], [116.69685, -6.41952], [116.60314, -6.70091], [116.50687, -6.98247], [116.39001, -7.27224], [116.32122, -7.44174], [116.18297, -7.66514], [116.03238, -7.89448], [115.98261, -7.96288], [115.88844, -8.15357], [115.85752, -8.21604], [115.84872, -8.2269], [115.83662, -8.22854], [115.80715, -8.21095], [115.77667, -8.18657], [115.76818, -8.17784], [115.76149, -8.16767], [115.76269, -8.15033], [115.77766, -8.1457], [115.78523, -8.15275], [115.7933, -8.16819], [115.82308, -8.23646], [115.84521, -8.28085], [115.84641, -8.29275], [115.78029, -8.49031], [115.73997, -8.60586], [115.72238, -8.61674], [115.68092, -8.6168], [115.67116, -8.62008], [115.66424, -8.6293], [115.66374, -8.64283], [115.66648, -8.70077], [115.66375, -8.71152], [115.65114, -8.71474], [115.64463, -8.70559], [115.62651, -8.67126], [115.62459, -8.65002], [115.6214, -8.63329], [115.61186, -8.62875], [115.51477, -8.62184], [115.42921, -8.62194], [115.4025, -8.63071], [115.36755, -8.65284], [115.35658, -8.66074], [115.34445, -8.67163], [115.30258, -8.71556], [115.28082, -8.72878], [115.25199, -8.74251], [115.23598, -8.75478], [115.21584, -8.74973], [115.2309, -8.75546], [115.24514, -8.74796], [115.25485, -8.74155], [115.31293, -8.70859], [115.32385, -8.69973], [115.3644, -8.6709], [115.38304, -8.65751], [115.3925, -8.65221], [115.41466, -8.63846], [115.42843, -8.63139], [115.4457, -8.6275], [115.47134, -8.6248], [115.49226, -8.62531], [115.58584, -8.62129], [115.64685, -8.61466], [115.66427, -8.61402], [115.67985, -8.60853], [115.76279, -8.56963], [115.79162, -8.55511], [115.80087, -8.54581], [115.82118, -8.51349], [115.83331, -8.48945], [115.84964, -8.45678], [115.92583, -8.26353], [115.96479, -8.18046], [116.06628, -7.9743], [116.18374, -7.73422], [116.29248, -7.502], [116.3682, -7.33965], [116.41597, -7.20268], [116.45094, -7.09811], [116.5316, -6.85411], [116.57735, -6.72411], [116.65064, -6.481], [116.72964, -6.23626], [116.73918, -6.20727], [116.74345, -6.18528], [116.74743, -6.17412], [116.77947, -6.09988], [116.81802, -5.9905], [116.84165, -5.9112], [116.84664, -5.8917], [116.92356, -5.7243], [117.0897, -5.50074], [117.25482, -5.29228], [117.42455, -5.07907], [117.54651, -4.92664], [117.67493, -4.78498], [117.76626, -4.66052], [117.80066, -4.61225], [117.81257, -4.59761], [117.93654, -4.45897], [118.09119, -4.2404], [118.25648, -4.0311], [118.41799, -3.83024], [118.5779, -3.63364], [118.58632, -3.62013], [118.59264, -3.59299], [118.594, -3.57181], [118.59951, -3.53238], [118.59392, -3.31909], [118.58473, -3.10416], [118.58541, -3.05301], [118.57032, -2.85352], [118.57355, -2.59728], [118.57309, -2.54175], [118.54783, -2.39982], [118.53352, -2.34287], [118.49997, -2.21261], [118.49055, -2.17376], [118.48211, -2.13829], [118.41626, -1.8623], [118.35353, -1.5767], [118.2798, -1.26397], [118.18238, -0.83447], [118.12364, -0.56388], [118.06381, -0.28639], [118.00047, -0.01907], [118.0064, -0.00185], [118.01591, 0.00216], [118.02796, -0.00361], [118.02999, -0.01501], [118.02722, -0.12798], [118.02876, -0.1428], [118.07758, -0.35486], [118.11424, -0.51903], [118.11838, -0.53006], [118.13384, -0.56127], [118.1372, -0.57083], [118.14682, -0.60344], [118.15897, -0.6595], [118.15081, -0.66948], [118.13566, -0.65581], [118.11437, -0.5309], [118.06985, -0.34482], [118.05356, -0.20177], [118.05671, -0.13325], [118.05863, -0.11759], [118.06966, -0.05927], [118.06779, -0.0704], [118.06006, -0.04448], [118.04515, -0.05289], [118.03105, -0.09159], [118.02836, -0.10216], [118.02582, -0.11582], [118.07822, -0.33474], [118.13634, -0.54622], [118.17191, -0.66277], [118.1781, -0.67666], [118.20005, -0.67066], [118.19967, -0.65336], [118.11325, -0.38544], [118.04456, -0.22381], [118.02674, -0.14777], [118.04247, -0.12496], [118.05203, -0.12978], [118.08845, -0.22757], [118.10498, -0.29787], [118.12945, -0.51198], [118.13057, -0.52348], [118.15398, -0.61215], [118.16404, -0.61974], [118.17928, -0.60611], [118.17956, -0.58917], [118.16796, -0.47963], [118.0926, -0.2014], [118.05926, -0.08125], [118.04925, -0.07147], [118.03755, -0.07551], [118.04129, -0.19277], [118.05267, -0.26609], [118.06256, -0.28126], [118.14724, -0.37755], [118.13987, -0.39021], [118.12928, -0.37972], [118.03147, -0.11696], [118.02569, -0.1027], [117.99816, -0.03879], [117.98491, -0.03003], [117.92833, -0.01659], [117.9161, -0.01931], [117.91446, -0.03015], [117.9262, -0.03529], [117.95985, -0.03113], [117.97799, -0.02883], [118.06444, -0.01705], [118.12234, -0.01328], [118.22696, -0.0076], [118.24089, -0.00682], [118.25325, -0.016], [118.24493, -0.02331], [118.1784, -0.01202], [118.11573, -0.00804], [118.10268, -0.00728], [117.96932, -0.01236], [117.93249, -0.01235], [117.86037, -0.00676], [117.84353, -0.00525], [117.81312, -0.00371], [117.82314, -0.00403], [117.78074, -0.00321], [117.76755, -0.00054], [117.71372, 0.01321], [117.68476, 0.01516], [117.67682, 0.02186], [117.67892, 0.03237], [117.69113, 0.02904], [117.68496, 0.01954], [117.67396, 0.01877], [117.65626, 0.01503], [117.64154, 0.00345], [117.62873, 0.01208], [117.6193, 0.01808], [117.58952, 0.03356], [117.57176, 0.04455], [117.5635, 0.05041], [117.55064, 0.06357], [117.54055, 0.07679], [117.52374, 0.09019], [117.50929, 0.09435], [117.49449, 0.09423], [117.48398, 0.09524], [117.4967, 0.09452], [117.51475, 0.09428], [117.52498, 0.08884], [117.53986, 0.07842], [117.54825, 0.0679], [117.55436, 0.0587], [117.56878, 0.04704], [117.57776, 0.04222], [117.5972, 0.0334], [117.62265, 0.02246], [117.63724, 0.01528], [117.6525, 0.01125], [117.68554, 0.0172], [117.70135, 0.01609], [117.82272, -0.00254], [117.9734, -0.02761], [117.98413, -0.0318], [117.99715, -0.05437], [118.00115, -0.06487], [118.00798, -0.09518], [118.01511, -0.15347], [118.022, -0.18031], [118.04652, -0.23453], [118.06948, -0.30346], [118.12977, -0.57593], [118.2023, -0.91036], [118.29643, -1.33922], [118.35812, -1.59508], [118.41612, -1.85111], [118.47217, -2.10198], [118.5312, -2.38378], [118.566, -2.53783], [118.58202, -2.63596], [118.58922, -2.87814], [118.59921, -2.97183], [118.60379, -2.99746], [118.60723, -3.02752], [118.60678, -3.0662], [118.60586, -3.09969], [118.58516, -3.22396], [118.58193, -3.25719], [118.58101, -3.30428], [118.58471, -3.51464], [118.58366, -3.57625], [118.30308, -3.97529], [118.1196, -4.21192], [117.94023, -4.43091], [117.83468, -4.54702], [117.69066, -4.73874], [117.63658, -4.81668], [117.47704, -5.0129], [117.39709, -5.13117], [117.36161, -5.19365], [117.35299, -5.20686], [117.29961, -5.26242], [117.12449, -5.46653], [117.11185, -5.48074], [116.99902, -5.58727], [116.99007, -5.59837], [116.96282, -5.63669], [116.93405, -5.68328], [116.88445, -5.76612], [116.85442, -5.85961], [116.73892, -6.11846], [116.71696, -6.17052], [116.63582, -6.46577], [116.58506, -6.6916], [116.55039, -6.78836], [116.51642, -6.95219], [116.41942, -7.23491], [116.39633, -7.29471], [116.35422, -7.3853], [116.34354, -7.41443], [116.3269, -7.67755], [116.32331, -7.81719], [116.32338, -7.85122], [116.32325, -7.87199], [116.32345, -7.90325], [116.32344, -7.92004], [116.32358, -7.93016], [116.31516, -7.94644], [116.07342, -8.11408], [116.06714, -8.12647], [116.07011, -8.13608], [116.08995, -8.14409], [116.12626, -8.13848], [116.13917, -8.14072], [116.18919, -8.14543], [116.20432, -8.14313], [116.23887, -8.13591], [116.25211, -8.11793], [116.23719, -8.09712], [116.20273, -8.09785], [116.18603, -8.10065], [116.1765, -8.10735], [116.15188, -8.13333], [116.14268, -8.13887], [116.1203, -8.14593], [115.92914, -8.17506], [115.91605, -8.18178], [115.87309, -8.24009], [115.86328, -8.26022], [115.85895, -8.27458], [115.8402, -8.35435], [115.82316, -8.40008], [115.8116, -8.42276], [115.79352, -8.45229], [115.77706, -8.48434], [115.74134, -8.57352], [115.72849, -8.61245], [115.70949, -8.62258], [115.6934, -8.62186], [115.68171, -8.61962], [115.66165, -8.60383], [115.64342, -8.60584], [115.63473, -8.62345], [115.62435, -8.63947], [115.61106, -8.63868], [115.60066, -8.63732], [115.58649, -8.6334], [115.5674, -8.62646], [115.54067, -8.61475], [115.51891, -8.60961], [115.4928, -8.61069], [115.47551, -8.61942], [115.45627, -8.62908], [115.44146, -8.62132], [115.42569, -8.61585], [115.41078, -8.62388], [115.38424, -8.64167], [115.36684, -8.65231], [115.35307, -8.66508], [115.31809, -8.70238], [115.29975, -8.7195], [115.29105, -8.72502], [115.27437, -8.73211], [115.26461, -8.73682], [115.25425, -8.74042], [115.2391, -8.75292], [115.22872, -8.75524], [115.21624, -8.7496], [115.22889, -8.75465], [115.24111, -8.75131], [115.25278, -8.74187], [115.279, -8.72781], [115.28914, -8.72149], [115.40047, -8.62955], [115.4197, -8.62078], [115.4635, -8.61673], [115.50636, -8.60966], [115.51774, -8.60849], [115.53337, -8.60821], [115.5449, -8.61013], [115.56079, -8.6088], [115.59206, -8.60394], [115.60558, -8.60009], [115.62653, -8.59695], [115.64824, -8.59167], [115.87399, -8.39001], [115.89303, -8.33239], [116.01068, -8.09185], [116.12005, -7.87015], [116.19573, -7.69979], [116.26949, -7.56083], [116.32539, -7.46176], [116.41786, -7.19501], [116.48098, -7.01475], [116.5041, -6.92638], [116.56101, -6.75489], [116.56758, -6.74477], [116.59339, -6.71775], [116.60143, -6.70302], [116.63905, -6.61414], [116.69612, -6.3641], [116.71212, -6.2851], [116.7985, -6.03523], [116.87302, -5.78462], [116.89956, -5.71706], [116.91313, -5.69685], [116.9329, -5.67137], [117.06474, -5.53321], [117.22171, -5.33572], [117.2437, -5.30897], [117.2847, -5.27276], [117.3193, -5.24772], [117.32806, -5.23858], [117.48434, -5.0254], [117.5715, -4.89782], [117.70577, -4.73284], [117.81501, -4.58875], [117.89218, -4.50709], [117.90401, -4.49301], [117.94376, -4.43072], [118.00495, -4.34786], [118.01136, -4.34016], [118.12011, -4.2343], [118.23832, -4.05475], [118.33209, -3.93576], [118.37973, -3.8846], [118.52538, -3.6844], [118.55818, -3.63935], [118.57278, -3.61628], [118.5778, -3.60213], [118.58736, -3.54147], [118.58961, -3.30811], [118.58755, -3.26491], [118.58492, -3.25429], [118.57041, -3.21473], [118.56465, -3.17004], [118.57067, -3.07506], [118.57047, -2.9868], [118.56334, -2.89357], [118.57426, -2.63707], [118.57659, -2.57135], [118.57981, -2.5307], [118.57732, -2.4787], [118.57229, -2.45308], [118.56949, -2.44153], [118.54745, -2.33374], [118.54479, -2.31492], [118.54502, -2.30366], [118.55029, -2.24828], [118.54808, -2.20748], [118.54536, -2.19582], [118.46353, -1.93596], [118.38461, -1.65838], [118.31555, -1.39443], [118.25081, -1.13199], [118.20751, -0.95346], [118.18922, -0.79331], [118.17218, -0.6923], [118.10492, -0.43052], [118.0294, -0.16401], [117.99007, 0.00167], [117.98937, 0.01224], [117.99741, 0.02203], [118.01511, 0.01552], [118.05564, -0.17216], [118.08452, -0.36924], [118.14008, -0.61099], [118.1382, -0.62976], [118.12382, -0.63099], [118.11842, -0.62104], [118.11795, -0.57304], [118.11504, -0.53853], [118.11047, -0.5095], [118.04447, -0.241], [118.006, -0.08195], [117.98917, 0.01317], [117.99191, 0.02869], [118.01595, 0.03775], [118.03945, 0.03875], [118.06505, 0.04321], [118.15054, 0.06248], [118.19818, 0.07301], [118.38305, 0.08243], [118.41282, 0.03153], [118.41492, 0.00214], [118.38402, -0.00717], [118.3529, -0.00328], [118.24933, -0.00088], [118.17208, -0.00423], [118.11972, -0.00108], [118.05836, 5e-05], [118.04357, 0.00122], [118.02666, 0.01213], [118.03438, 0.02984], [118.1065, 0.04713], [118.20137, 0.06338], [118.37275, 0.07645], [118.15405, 0.00927], [118.06243, -0.03943], [118.04849, -0.04412], [118.0564, -0.01538], [118.30684, -0.00187], [118.30804, -0.02021], [118.2382, -0.01301], [118.20347, -0.01286], [118.16909, -0.01471], [118.06342, -0.0054], [117.97677, -0.00649], [117.8536, 0.00974], [117.64382, 0.01632], [117.63187, 0.01176], [117.61805, 0.01772], [117.60511, 0.02482], [117.59485, 0.02945], [117.57307, 0.04], [117.56173, 0.04894], [117.55427, 0.05645], [117.54776, 0.06866], [117.54069, 0.0761], [117.51973, 0.09233], [117.49416, 0.09397], [117.4833, 0.09478], [117.49935, 0.09401], [117.51527, 0.09398], [117.52498, 0.0889], [117.54169, 0.07686], [117.5516, 0.061], [117.56841, 0.04652], [117.58239, 0.04188], [117.82582, -0.00227], [117.98322, -0.0281], [117.99357, -0.03276], [118.0218, -0.08897], [118.05889, -0.26119], [118.10933, -0.5108], [118.15874, -0.69128], [118.18126, -0.79432], [118.18785, -0.81727], [118.20896, -0.92986], [118.21177, -0.94815], [118.27572, -1.2415], [118.30816, -1.39044], [118.37182, -1.66946], [118.42261, -1.88151], [118.45428, -2.00806], [118.46257, -2.08076], [118.48978, -2.18633], [118.48689, -2.1742], [118.49164, -2.1939], [118.5109, -2.27293], [118.5481, -2.42937], [118.57877, -2.56206], [118.58919, -2.61004], [118.58915, -2.62023], [118.58988, -2.72002], [118.59101, -2.8466], [118.58953, -2.88155], [118.5874, -2.89869], [118.59113, -2.98622], [118.59252, -2.99659], [118.59314, -3.00694], [118.59192, -3.14265], [118.59177, -3.19229], [118.59319, -3.25275], [118.59185, -3.30868], [118.59202, -3.3595], [118.58794, -3.51448], [118.58428, -3.60582], [118.58056, -3.61603], [118.53754, -3.67463], [118.38489, -3.86949], [118.23814, -4.05048], [118.11073, -4.19589], [117.96761, -4.39871], [117.89817, -4.49578], [117.75003, -4.6714], [117.58288, -4.88196], [117.44319, -5.06128], [117.3834, -5.13501], [117.36216, -5.15693], [117.28931, -5.25823], [117.26286, -5.29001], [117.19142, -5.37568], [117.14763, -5.43379], [117.16304, -5.44975], [117.13142, -5.45551], [117.06503, -5.53837], [117.04883, -5.56434], [116.98898, -5.64195], [116.88441, -5.78125], [116.81758, -5.99072], [116.75432, -6.17728], [116.70031, -6.3348], [116.63314, -6.52794], [116.58738, -6.67738], [116.53257, -6.83542], [116.43545, -7.13737], [116.38736, -7.30072], [116.37388, -7.3357], [116.37617, -7.35043], [116.38047, -7.36394], [116.43798, -7.60119], [116.50022, -7.85866], [116.52921, -7.9642], [116.53163, -7.98207], [116.55001, -8.02017], [116.55643, -8.03106], [116.55544, -8.04303], [116.54567, -8.05443], [116.52632, -8.05682], [116.37961, -8.0582], [116.36356, -8.06015], [116.33867, -8.06493], [116.26264, -8.09406], [116.07225, -8.17877], [116.0067, -8.204], [115.97798, -8.21429], [115.96556, -8.22051], [115.9488, -8.23788], [115.95188, -8.24907], [115.97197, -8.24921], [115.98312, -8.24142], [116.02161, -8.21823], [116.03163, -8.21234], [116.16784, -8.12388], [116.17756, -8.11969], [116.28842, -8.08052], [116.30485, -8.07471], [116.38564, -8.04522], [116.39639, -8.04396], [116.41751, -8.04989], [116.45433, -8.05997], [116.44085, -8.05635], [116.49451, -8.07024], [116.57776, -8.08151], [116.58776, -8.06017], [116.57743, -8.05356], [116.53288, -8.05119], [116.3714, -8.06021], [116.3429, -8.0642], [116.23392, -8.11511], [116.21359, -8.1244], [116.18086, -8.138], [116.16095, -8.1459], [116.145, -8.15183], [116.10215, -8.16163], [116.04257, -8.16972], [115.99549, -8.17151], [115.98772, -8.17922], [116.00071, -8.18814], [116.05623, -8.16984], [116.10171, -8.15851], [116.11082, -8.15412], [116.18059, -8.12546], [116.22882, -8.1073], [116.26132, -8.09553], [116.34345, -8.06762], [116.35559, -8.06267], [116.38938, -8.06075], [116.40087, -8.06073], [116.53673, -8.04341], [116.57314, -8.02567], [116.55142, -8.00985], [116.32783, -7.9964], [116.17392, -7.98035], [116.08012, -7.96264], [116.06918, -7.9588], [116.06179, -7.94995], [116.0594, -7.93665], [116.06358, -7.92365], [116.0719, -7.91592], [116.08912, -7.91412], [116.33903, -7.93011], [116.54599, -7.95035], [116.64705, -7.96296], [116.64348, -7.99522], [116.39503, -8.0068], [116.16238, -8.01167], [116.03666, -8.00951], [116.01933, -8.0168], [116.01563, -8.03369], [116.19494, -8.06047], [116.25445, -8.05837], [116.33893, -8.068], [116.54762, -8.10941], [116.56887, -8.11004], [116.5777, -8.09669], [116.57484, -8.08656], [116.55579, -8.07823], [116.31912, -8.0425], [116.27851, -8.0355], [116.24357, -8.04231], [116.07005, -8.10758], [116.01732, -8.12155], [116.02472, -8.14056], [116.03424, -8.13674], [116.09007, -8.10809], [116.20179, -8.06142], [116.33267, -8.02858], [116.38659, -8.02051], [116.4644, -8.02344], [116.56072, -8.03536], [116.61368, -8.04704], [116.60473, -8.06357], [116.43606, -8.06784], [116.40521, -8.07034], [116.25567, -8.07454], [116.2383, -8.0743], [116.22646, -8.07354], [116.19763, -8.0711], [116.15955, -8.06973], [116.13107, -8.07705], [116.13291, -8.08728], [116.15028, -8.09081], [116.26196, -8.08773], [116.27795, -8.08881], [116.29923, -8.08811], [116.31458, -8.08506], [116.38703, -8.07105], [116.4173, -8.06572], [116.44391, -8.06259], [116.56085, -8.05637], [116.57278, -8.05957], [116.57836, -8.06943], [116.572, -8.08588], [116.56207, -8.09008], [116.44383, -8.09461], [116.2633, -8.09765], [116.23143, -8.09652], [116.21597, -8.09591], [116.15884, -8.09355], [116.14164, -8.09397], [115.9828, -8.16479], [115.97429, -8.17687], [115.98947, -8.19267], [116.00299, -8.18926], [116.15756, -8.13306], [116.33957, -8.07936], [116.34997, -8.06949], [116.34751, -8.05177], [116.32983, -8.04509], [116.11202, -8.05552], [115.92779, -8.04528], [115.91584, -8.04891], [115.90767, -8.06381], [115.88851, -8.1129], [115.86665, -8.12035], [115.76545, -8.10799], [115.75354, -8.09847], [115.75625, -8.08472], [115.76614, -8.08237], [115.77644, -8.09998], [115.80051, -8.14602], [115.86333, -8.24852], [115.86458, -8.25889], [115.84452, -8.3454], [115.82076, -8.39921], [115.81588, -8.41352], [115.80303, -8.4384], [115.79811, -8.45688], [115.79004, -8.47052], [115.76936, -8.50793], [115.73737, -8.59723], [115.72173, -8.60493], [115.69033, -8.60531], [115.67849, -8.60475], [115.6675, -8.60286], [115.65227, -8.59697], [115.63657, -8.59623], [115.62749, -8.60637], [115.62972, -8.62007], [115.64099, -8.62798], [115.66429, -8.62178], [115.67012, -8.60603], [115.66591, -8.59437], [115.65703, -8.58812], [115.63967, -8.58914], [115.54782, -8.61432], [115.53069, -8.61728], [115.46917, -8.62144], [115.45139, -8.62539], [115.41207, -8.6305], [115.39486, -8.63771], [115.37773, -8.64646], [115.35968, -8.65687], [115.3514, -8.6647], [115.34225, -8.67535], [115.31525, -8.70207], [115.29881, -8.71843], [115.28875, -8.72571], [115.27296, -8.73028], [115.26353, -8.73483], [115.25422, -8.7409], [115.2415, -8.75076], [115.22496, -8.75328], [115.2149, -8.74888], [115.22474, -8.75322], [115.23485, -8.75559], [115.24847, -8.74528], [115.28305, -8.73088], [115.29593, -8.72368], [115.39939, -8.63949], [115.40919, -8.62957], [115.41751, -8.62351], [115.42969, -8.6225], [115.45484, -8.6222], [115.4938, -8.62133], [115.52687, -8.62316], [115.64692, -8.62036], [115.79948, -8.6045], [115.80993, -8.58907], [115.90072, -8.32533], [116.02721, -8.05462], [116.1607, -7.77839], [116.20625, -7.69406], [116.23045, -7.65524], [116.35928, -7.38125], [116.43425, -7.1672], [116.50983, -6.90717], [116.59579, -6.6553], [116.64005, -6.52571], [116.65047, -6.48539], [116.66481, -6.40595], [116.79448, -6.17456], [116.84496, -6.10135], [116.9302, -5.93362], [116.99814, -5.81963], [117.02574, -5.76705], [117.2004, -5.51122], [117.37104, -5.25605], [117.54341, -4.99292], [117.7118, -4.72881], [117.86845, -4.50511], [118.16413, -4.15299], [118.21495, -4.09535], [118.37199, -3.89118], [118.44523, -3.80635], [118.511, -3.71664], [118.53485, -3.68817], [118.54965, -3.6566], [118.544, -3.62237], [118.53611, -3.58686], [118.53917, -3.53351], [118.57332, -3.35027], [118.58949, -2.83771], [118.59172, -2.70113], [118.57243, -2.55441], [118.54549, -2.45247], [118.53316, -2.37973], [118.52991, -2.34629], [118.51796, -2.30688], [118.48071, -2.11235], [118.34923, -1.56793], [118.27925, -1.25323], [118.2105, -0.91758], [118.18459, -0.81805], [118.17601, -0.76931], [118.16184, -0.54088], [118.13266, -0.39666], [118.11856, -0.35171], [118.11236, -0.33217], [118.11557, -0.34229], [118.06628, -0.18491], [118.01531, -0.05526], [117.99918, -0.02695], [117.96193, -0.00086], [117.94882, 0.00516], [117.89326, 0.01139], [117.69579, 0.00952], [117.64961, 0.00558], [117.63924, 0.00672], [117.62504, 0.01034], [117.6148, 0.01816], [117.6042, 0.02425], [117.58889, 0.03135], [117.5667, 0.04225], [117.55623, 0.05361], [117.54863, 0.06713], [117.54015, 0.07674], [117.5314, 0.08392], [117.52009, 0.09217], [117.50975, 0.09429], [117.49667, 0.09391], [117.48289, 0.09516], [117.49358, 0.09494], [117.51413, 0.09395], [117.52354, 0.08915], [117.53645, 0.07996], [117.55119, 0.06213], [117.56329, 0.05002], [117.58269, 0.04343], [117.59544, 0.04347], [117.65289, 0.02938], [117.84963, -0.00686], [117.95514, -0.02396], [117.97828, -0.02882], [117.99809, -0.038], [118.0112, -0.05566], [118.05568, -0.31541], [118.07928, -0.4619], [118.07739, -0.47887], [118.07395, -0.49507], [118.07368, -0.51659], [118.13757, -0.77719], [118.2151, -1.04838], [118.27164, -1.24509], [118.27678, -1.27005], [118.28939, -1.38148], [118.32447, -1.50154], [118.39363, -1.75656], [118.3996, -1.78301], [118.40504, -1.88872], [118.40441, -1.87497], [118.40579, -1.89501], [118.46439, -2.07417], [118.51387, -2.28156], [118.56188, -2.48093], [118.56393, -2.4988], [118.56611, -2.564], [118.58709, -2.68304], [118.58808, -2.69345], [118.59272, -2.83362], [118.59189, -2.87252], [118.59039, -2.96535], [118.58871, -3.07557], [118.5888, -3.09069], [118.58884, -3.10922], [118.58887, -3.12507], [118.58883, -3.11386], [118.59008, -3.19327], [118.59054, -3.21316], [118.59084, -3.22752], [118.59117, -3.24015], [118.58953, -3.32793], [118.58889, -3.36277], [118.58875, -3.3959], [118.58977, -3.5095], [118.59892, -3.56353], [118.60202, -3.58069], [118.60438, -3.59402], [118.59779, -3.61481], [118.57096, -3.64423], [118.54026, -3.67306], [118.39466, -3.85804], [118.25465, -4.03467], [118.11825, -4.20567], [117.99389, -4.3602], [117.97978, -4.37889], [117.96385, -4.4055], [117.91469, -4.46692], [117.769, -4.64784], [117.62005, -4.83826], [117.53639, -4.94378], [117.45703, -5.05628], [117.4255, -5.09399], [117.278, -5.26845], [117.26922, -5.27869], [117.13039, -5.45512], [116.99694, -5.62435], [116.91215, -5.73059], [116.89257, -5.76173], [116.86892, -5.80894], [116.81862, -5.922], [116.81503, -5.93381], [116.80295, -5.97302], [116.79967, -5.98496], [116.78131, -6.04749], [116.77708, -6.06257], [116.76471, -6.10783], [116.74881, -6.16848], [116.71962, -6.27696], [116.70042, -6.35002], [116.68802, -6.38684], [116.66756, -6.4484], [116.5876, -6.67782], [116.52966, -6.84866], [116.51352, -6.89544], [116.5079, -6.91092], [116.49066, -6.95721], [116.4852, -6.97283], [116.46371, -7.05061], [116.4553, -7.07985], [116.45091, -7.09466], [116.43808, -7.13985], [116.44739, -7.15172], [116.46291, -7.15886], [116.4738, -7.17135], [116.47572, -7.1876], [116.47435, -7.20319], [116.47078, -7.21802], [116.4056, -7.39561], [116.40121, -7.4173], [116.39941, -7.43387], [116.42149, -7.52274], [116.43959, -7.61437], [116.45512, -7.67466], [116.46466, -7.69665], [116.47301, -7.71832], [116.52469, -7.9497], [116.51754, -7.9769], [116.36563, -8.01146], [116.3242, -8.01952], [116.30807, -8.02252], [116.10304, -8.06471], [116.06205, -8.07503], [116.05346, -8.08095], [116.05505, -8.10077], [116.06641, -8.10516], [116.10027, -8.09909], [116.1345, -8.09783], [116.1792, -8.09944], [116.19627, -8.09891], [116.28876, -8.09122], [116.3471, -8.08041], [116.42592, -8.07894], [116.51613, -8.07356], [116.52894, -8.05271], [116.51971, -8.04339], [116.50866, -8.04266], [116.27813, -8.03241], [116.22043, -8.02885], [116.19463, -8.02974], [116.13793, -8.02987], [116.11573, -8.02865], [116.08631, -8.02642], [116.07589, -8.03211], [116.08864, -8.04385], [116.10658, -8.04044], [116.14502, -8.03637], [116.13092, -8.03778], [116.17989, -8.03454], [116.19905, -8.03484], [116.23207, -8.03589], [116.32449, -8.03912], [116.38444, -8.03781], [116.57793, -8.03327], [116.69573, -8.01162], [116.75503, -7.99449], [116.69614, -7.96446], [116.6146, -7.95359], [116.46289, -7.94233], [116.42863, -7.94015], [116.34932, -7.94065], [116.22562, -7.92575], [116.15964, -7.91049], [116.1444, -7.90859], [116.13223, -7.91262], [116.12999, -7.92431], [116.14378, -7.93476], [116.2233, -7.93644], [116.48067, -7.96465], [116.54475, -7.97372], [116.56036, -7.99134], [116.54599, -8.02741], [116.34437, -8.03214], [116.28448, -8.03162], [116.26812, -8.03116], [116.23647, -8.03024], [116.19947, -8.02535], [116.10172, -8.00933], [116.06606, -8.00567], [116.05504, -7.9962], [116.05831, -7.98462], [116.07998, -7.97372], [116.1884, -7.95991], [116.24855, -7.9497], [116.35114, -7.94067], [116.58825, -7.92919], [116.60308, -7.93989], [116.58532, -7.95664], [116.55424, -7.95773], [116.33573, -7.9466], [116.14981, -7.92925], [116.13805, -7.92731], [116.13178, -7.91925], [116.13066, -7.9069], [116.14104, -7.89179], [116.15794, -7.88974], [116.20985, -7.89297], [116.23023, -7.89627], [116.26449, -7.89994], [116.33093, -7.91116], [116.45013, -7.93668], [116.55371, -7.94958], [116.56851, -7.95406], [116.5702, -7.96765], [116.55975, -7.97487], [116.51139, -7.97597], [116.26878, -7.98679], [116.12895, -7.98424], [116.1181, -7.97863], [116.11428, -7.96204], [116.12779, -7.9428], [116.13843, -7.94083], [116.25592, -7.93366], [116.27772, -7.93063], [116.37609, -7.92986], [116.52792, -7.93038], [116.60274, -7.92856], [116.615, -7.93244], [116.57284, -7.94803], [116.47889, -7.95178], [116.35293, -7.94623], [116.26242, -7.93609], [116.23422, -7.93101], [116.20491, -7.92391], [116.12679, -7.89496], [116.08572, -7.8754], [116.07539, -7.87273], [116.06686, -7.89054], [116.09381, -7.89822], [116.22503, -7.89644], [116.29254, -7.91167], [116.33767, -7.92518], [116.56893, -8.02325], [116.6913, -8.07295], [116.69697, -8.08382], [116.68647, -8.09549], [116.6741, -8.09504], [116.42026, -8.05174], [116.35372, -8.04243], [116.31156, -8.04444], [116.21111, -8.05688], [116.1437, -8.06859], [116.11286, -8.07573], [115.95979, -8.13026], [115.94929, -8.11261], [115.9584, -8.10347], [116.1035, -8.06455], [116.35505, -8.02531], [116.48973, -8.02101], [116.50691, -8.02401], [116.49648, -8.03989], [116.39431, -8.04243], [116.33839, -8.03971], [116.14793, -8.04043], [116.11572, -8.03621], [116.07233, -8.02708], [116.02175, -8.01023], [116.01006, -8.00711], [115.99766, -8.01196], [116.0245, -8.02571], [116.13913, -8.02726], [116.38819, -8.05998], [116.5474, -8.07058], [116.57394, -8.06246], [116.5637, -8.04013], [116.3202, -8.02783], [116.28698, -8.02618], [116.11009, -8.00568], [116.09871, -8.01475], [116.10043, -8.03009], [116.11634, -8.03806], [116.18155, -8.03694], [116.41397, -8.04915], [116.59644, -8.05881], [116.6058, -8.05273], [116.58301, -8.03831], [116.43262, -8.03183], [116.21989, -8.0049], [116.09342, -8.00228], [116.08671, -8.01482], [116.0989, -8.02126], [116.33777, -8.05171], [116.47078, -8.07332], [116.4915, -8.07183], [116.49823, -8.06358], [116.49338, -8.04753], [116.36132, -8.04995], [116.34542, -8.05377], [116.28098, -8.07789], [116.18526, -8.08995], [116.15437, -8.09593], [116.07985, -8.11308], [116.07068, -8.11858], [116.06621, -8.13269], [116.06842, -8.14384], [116.07686, -8.15621], [116.08841, -8.15855], [116.1032, -8.15151], [116.10877, -8.14011], [116.10496, -8.12613], [116.09636, -8.1197], [116.00562, -8.09808], [115.99036, -8.09431], [116.00184, -8.09703], [115.97708, -8.0917], [115.96107, -8.08834], [115.92043, -8.08367], [115.88691, -8.08518], [115.87451, -8.10057], [115.86289, -8.17615], [115.86092, -8.20811], [115.84758, -8.28381], [115.82416, -8.35003], [115.80621, -8.39072], [115.75088, -8.57119], [115.73515, -8.60701], [115.68976, -8.6121], [115.68003, -8.61764], [115.67489, -8.63424], [115.66789, -8.6684], [115.64934, -8.67585], [115.64679, -8.6627], [115.64764, -8.63133], [115.64121, -8.61835], [115.60665, -8.61378], [115.53604, -8.58398], [115.52096, -8.58593], [115.51681, -8.60439], [115.51586, -8.62009], [115.5088, -8.62868], [115.49029, -8.62816], [115.47757, -8.62516], [115.44289, -8.62256], [115.42393, -8.61817], [115.40982, -8.61407], [115.39875, -8.61518], [115.38481, -8.63617], [115.37145, -8.65043], [115.35907, -8.65887], [115.3499, -8.66746], [115.32131, -8.69865], [115.30034, -8.71806], [115.28024, -8.72915], [115.26623, -8.73608], [115.25431, -8.74082], [115.24225, -8.74991], [115.23073, -8.75595], [115.21648, -8.75014], [115.22847, -8.75461], [115.23983, -8.75156], [115.25286, -8.74254], [115.25235, -8.76059], [115.26957, -8.75041], [115.33701, -8.69248], [115.39691, -8.63076], [115.40908, -8.62542], [115.42064, -8.62519], [115.64655, -8.61373], [115.79234, -8.6053], [115.8016, -8.59285], [115.81159, -8.56292], [115.81895, -8.53342], [115.8292, -8.50181], [115.83465, -8.47002], [115.84221, -8.43827], [115.86809, -8.37891], [115.8841, -8.35047], [115.99822, -8.11497], [116.11331, -7.87611], [116.18505, -7.73582], [116.30694, -7.47397], [116.34484, -7.38967], [116.36762, -7.34271], [116.3749, -7.32537], [116.39659, -7.26031], [116.44069, -7.16095], [116.45086, -7.12891], [116.48067, -7.00303], [116.56127, -6.76249], [116.64449, -6.5023], [116.64801, -6.49062], [116.65791, -6.45817], [116.66527, -6.4335], [116.69128, -6.34701], [116.76731, -6.12596], [116.80288, -6.03643], [116.87743, -5.80473], [116.89074, -5.76394], [116.89942, -5.74949], [117.05419, -5.55194], [117.21707, -5.34612], [117.38171, -5.13823], [117.54229, -4.93203], [117.64251, -4.80673], [117.68498, -4.75992], [117.70407, -4.73551], [117.79502, -4.61139], [117.94304, -4.43077], [118.07934, -4.25636], [118.21298, -4.08245], [118.36, -3.90492], [118.39856, -3.8593], [118.54366, -3.66597], [118.58281, -3.61787], [118.59022, -3.60686], [118.59162, -3.59125], [118.59131, -3.5621], [118.58877, -3.54367], [118.58801, -3.53369], [118.59619, -3.29745], [118.61176, -3.12046], [118.61069, -3.08953], [118.59145, -2.9666], [118.58777, -2.71367], [118.58038, -2.58935], [118.59166, -2.56263], [118.60675, -2.53506], [118.60821, -2.52468], [118.59469, -2.51103], [118.57164, -2.49011], [118.56004, -2.46169], [118.49739, -2.21247], [118.46768, -2.08435], [118.4106, -1.83249], [118.35316, -1.57933], [118.29466, -1.3344], [118.24346, -1.09283], [118.18684, -0.86174], [118.13553, -0.61901], [118.07536, -0.37305], [118.021, -0.12342], [117.99446, 0.00377], [117.97821, 0.01537], [117.96544, 0.01589], [117.95246, 0.00449], [117.95488, -0.00862], [117.95897, -0.02184], [117.97038, -0.02986], [118.05067, -0.01409], [118.29034, 0.01035], [118.49793, 0.02398], [118.51732, 0.01068], [118.51802, -0.00116], [118.50122, -0.01394], [118.25782, -0.00909], [118.15643, -0.00471], [117.98665, -0.00791], [117.97641, -0.00473], [117.97125, 0.00719], [117.97841, 0.01854], [117.99028, 0.02035], [118.2319, 0.01679], [118.43112, 0.01268], [118.43892, 0.019], [118.43942, 0.0321], [118.43112, 0.04074], [118.41477, 0.0431], [118.15645, 0.05004], [118.08633, 0.05208], [118.06336, 0.04357], [118.01101, 0.01242], [118.01554, -0.01122], [118.0259, -0.01283], [118.05186, -0.01345], [118.27843, -0.00202], [118.29223, 0.01971], [118.26782, 0.02462], [118.02752, 0.02826], [117.88698, 0.02356], [117.7885, 0.02894], [117.67992, 0.01934], [117.63489, 0.01189], [117.62067, 0.01726], [117.60383, 0.02642], [117.591, 0.03136], [117.57928, 0.03908], [117.55475, 0.0565], [117.54628, 0.07171], [117.53767, 0.07947], [117.51967, 0.09277], [117.48257, 0.0947], [117.4955, 0.09488], [117.51454, 0.09434], [117.52714, 0.08686], [117.54137, 0.07665], [117.54841, 0.06681], [117.55531, 0.05736], [117.56417, 0.04955], [117.5858, 0.04094], [117.59717, 0.03868], [117.73825, 0.01588], [117.95641, -0.02591], [117.94319, -0.02345], [117.98614, -0.03148], [117.99518, -0.03643], [118.05153, -0.26144], [118.06204, -0.30543], [118.10318, -0.48463], [118.11011, -0.55246], [118.16979, -0.78096], [118.22292, -1.00491], [118.27464, -1.23861], [118.32814, -1.47266], [118.38048, -1.70168], [118.4316, -1.92999], [118.44731, -1.99766], [118.50546, -2.22271], [118.52327, -2.29983], [118.52513, -2.31531], [118.55736, -2.46416], [118.56219, -2.52499], [118.5634, -2.54061], [118.5656, -2.5725], [118.59038, -2.69685], [118.59147, -2.73576], [118.59101, -2.75256], [118.58295, -2.81942], [118.59198, -3.02495], [118.59045, -3.12911], [118.59173, -3.16405], [118.58842, -3.236], [118.57836, -3.30811], [118.57748, -3.32599], [118.58428, -3.40031], [118.58581, -3.45679], [118.57865, -3.51164], [118.55566, -3.62094], [118.54435, -3.65521], [118.53662, -3.67113], [118.52786, -3.68679], [118.51807, -3.70174], [118.35906, -3.89785], [118.34626, -3.91181], [118.26175, -4.02833], [118.10939, -4.2211], [118.08738, -4.2484], [118.06378, -4.27356], [117.91151, -4.46718], [117.76492, -4.65571], [117.72773, -4.69979], [117.58672, -4.88571], [117.45318, -5.04767], [117.30805, -5.23205], [117.2871, -5.26942], [117.06719, -5.54797], [117.01064, -5.61003], [116.89188, -5.76009], [116.88103, -5.78503], [116.8094, -5.99411], [116.77612, -6.09766], [116.71137, -6.3038], [116.69294, -6.35759], [116.66301, -6.42141], [116.6576, -6.43573], [116.63202, -6.54586], [116.62876, -6.55707], [116.59486, -6.65646], [116.57846, -6.7162], [116.50128, -6.9388], [116.43357, -7.13636], [116.39954, -7.22191], [116.39003, -7.25157], [116.37585, -7.32026], [116.37531, -7.35225], [116.38231, -7.4451], [116.39086, -7.47573], [116.40681, -7.51455], [116.47961, -7.75374], [116.5438, -8.00094], [116.49885, -8.01136], [116.29381, -8.04372], [116.12324, -8.07174], [116.10931, -8.0786], [116.10825, -8.08889], [116.13005, -8.09745], [116.15196, -8.09539], [116.20786, -8.09991], [116.34255, -8.09315], [116.3593, -8.08914], [116.36867, -8.07448], [116.36877, -8.0643], [116.36233, -8.05662], [116.3377, -8.05062], [116.20026, -8.0384], [116.14119, -8.03609], [116.07452, -8.0274], [115.90196, -8.01884], [115.89126, -8.03087], [115.88314, -8.08017], [115.87878, -8.09578], [115.8662, -8.1], [115.85727, -8.08801], [115.86297, -8.07753], [115.88252, -8.07528], [115.96979, -8.0802], [115.98632, -8.08425], [115.98957, -8.09905], [115.93829, -8.16983], [115.93286, -8.18555], [115.94913, -8.20282], [115.96396, -8.19625], [115.9754, -8.17589], [115.98218, -8.15746], [115.98534, -8.13978], [115.97866, -8.12599], [115.9619, -8.12686], [115.95005, -8.13848], [115.85973, -8.25586], [115.81605, -8.36813], [115.79762, -8.43617], [115.76589, -8.51902], [115.74885, -8.55197], [115.74585, -8.56983], [115.74674, -8.58794], [115.7371, -8.5988], [115.72096, -8.6004], [115.70438, -8.59729], [115.68752, -8.59249], [115.67027, -8.5891], [115.65361, -8.59187], [115.63856, -8.59539], [115.63081, -8.60253], [115.62603, -8.61291], [115.63661, -8.6206], [115.64419, -8.60866], [115.63433, -8.59868], [115.60587, -8.59738], [115.56976, -8.61556], [115.53973, -8.63697], [115.52552, -8.63486], [115.51476, -8.62164], [115.49555, -8.59419], [115.48556, -8.59115], [115.43338, -8.61867], [115.42311, -8.62281], [115.4125, -8.62625], [115.4031, -8.63054], [115.38099, -8.64329], [115.35612, -8.66127], [115.34602, -8.67], [115.32686, -8.69313], [115.31119, -8.70772], [115.2792, -8.73155], [115.25838, -8.74025], [115.24826, -8.74634], [115.23993, -8.75233], [115.2303, -8.75558], [115.21563, -8.74936], [115.23095, -8.7556], [115.24365, -8.74876], [115.27478, -8.72855], [115.29143, -8.7201], [115.30858, -8.71007], [115.3238, -8.69954], [115.40486, -8.6269], [115.41753, -8.61921], [115.43313, -8.61717], [115.55529, -8.62157], [115.68601, -8.61449], [115.72201, -8.60436], [115.73816, -8.60089], [115.7517, -8.59445], [115.79219, -8.54465], [115.81332, -8.52198], [115.83727, -8.50319], [115.87025, -8.48074], [115.88235, -8.46547], [115.90696, -8.37012], [115.91812, -8.28254], [115.92768, -8.25295], [115.93967, -8.22515], [116.05448, -8.00222], [116.13986, -7.83244], [116.2994, -7.49363], [116.37124, -7.33085], [116.42253, -7.15165], [116.45726, -7.06467], [116.47139, -7.03629], [116.55175, -6.80328], [116.64054, -6.51013], [116.72004, -6.25707], [116.75082, -6.16191], [116.78499, -6.07448], [116.86378, -5.83582], [116.88348, -5.77733], [116.89359, -5.75429], [117.05638, -5.54878], [117.56016, -4.91067], [118.056, -4.28281], [118.07564, -4.25503], [118.1058, -4.19342], [118.1246, -4.16466], [118.30344, -3.95832], [118.34633, -3.89499], [118.51214, -3.69169], [118.55877, -3.63625], [118.56383, -3.60318], [118.58422, -3.3285], [118.58591, -3.18577], [118.59278, -3.11244], [118.59665, -2.99861], [118.58311, -2.73137], [118.58811, -2.63571], [118.58599, -2.62234], [118.57469, -2.58187], [118.56427, -2.52871], [118.53393, -2.40775], [118.50624, -2.25451], [118.48176, -2.14163], [118.47725, -2.12199], [118.3629, -1.63061], [118.27979, -1.25979], [118.22795, -1.00328], [118.20466, -0.90452], [118.1811, -0.82557], [118.12466, -0.57318], [118.11898, -0.54883], [118.0718, -0.35445], [118.04387, -0.22365], [118.01169, -0.08825], [117.98984, -0.00426], [117.98727, 0.00574], [117.99065, 0.01671], [118.00153, 0.02375], [118.0208, 0.02046], [118.03344, 0.00801], [118.03837, -0.0033], [118.05116, -0.1137], [118.05946, -0.19175], [118.06959, -0.31493], [118.07786, -0.35819], [118.08905, -0.41352], [118.09217, -0.42369], [118.10123, -0.429], [118.11059, -0.42499], [118.10391, -0.34001], [118.07827, -0.24513], [118.07676, -0.23299], [118.07039, -0.17992], [118.06432, -0.03954], [118.06369, -0.02505], [118.06295, -0.00877], [118.07328, 0.04314], [118.07908, 0.07204], [118.08298, 0.09176], [118.08834, 0.11219], [118.10228, 0.11892], [118.34783, 0.08808], [118.44315, 0.07614], [118.49299, 0.0742], [118.50982, 0.08224], [118.51076, 0.09234], [118.49803, 0.10533], [118.47086, 0.12357], [118.46166, 0.12884], [118.45069, 0.13303], [118.44012, 0.13569], [118.19256, 0.15173], [118.10282, 0.15618], [118.08938, 0.15091], [118.08586, 0.12395], [118.08901, 0.04101], [118.0882, 0.02748], [118.08577, -0.00671], [118.08651, -0.01689], [118.10192, -0.02653], [118.14102, -0.01518], [118.12834, -0.01894], [118.19198, 0.00022], [118.23226, 0.02449], [118.25366, 0.0339], [118.27689, 0.03967], [118.49291, 0.05143], [118.5046, 0.0528], [118.51284, 0.06473], [118.4959, 0.07624], [118.48501, 0.0759], [118.36368, 0.06438], [118.13261, 0.042], [118.0644, 0.03489], [118.04764, 0.03278], [118.02064, 0.02937], [118.01286, 0.00772], [118.02895, 0.00508], [118.14544, 0.00106], [118.16499, -0.00907], [118.17386, -0.01577], [118.2123, -0.03179], [118.23264, -0.02845], [118.26544, -0.01687], [118.28967, 0.01586], [118.2799, 0.01833], [118.2455, 0.02196], [118.15566, 0.02654], [118.0229, 0.02293], [118.012, 0.02266], [118.00207, 0.01782], [117.99963, 0.00647], [117.99901, -0.04262], [117.99226, -0.05645], [117.97945, -0.0569], [117.97146, -0.04806], [117.97019, -0.0335], [117.97025, -0.00484], [117.9673, 0.00642], [117.85271, 0.06176], [117.81635, 0.07599], [117.79951, 0.07655], [117.78769, 0.07112], [117.74201, 0.03243], [117.71188, 0.01493], [117.70051, 0.01021], [117.69027, 0.00793], [117.65443, 0.00449], [117.63325, 0.00815], [117.62165, 0.01387], [117.61351, 0.01971], [117.60384, 0.02342], [117.58643, 0.02934], [117.56901, 0.03996], [117.55761, 0.05132], [117.54468, 0.07261], [117.51847, 0.09307], [117.50342, 0.09394], [117.49174, 0.09396], [117.47994, 0.09777], [117.4999, 0.09438], [117.51353, 0.09398], [117.52344, 0.08972], [117.53901, 0.07831], [117.54838, 0.0666], [117.5546, 0.05794], [117.56208, 0.05018], [117.57115, 0.04493], [117.58315, 0.04192], [117.60079, 0.03825], [117.65276, 0.01709], [117.66376, 0.01507], [117.77617, 0.00485], [117.98807, -0.03293], [118.00032, -0.04668], [118.02685, -0.17608], [118.0716, -0.37472], [118.13419, -0.62181], [118.14679, -0.67497], [118.17509, -0.80128], [118.19101, -0.8649], [118.18812, -0.85346], [118.21847, -0.98338], [118.26687, -1.1853], [118.27131, -1.20288], [118.28805, -1.27787], [118.29445, -1.30698], [118.29602, -1.3205], [118.30384, -1.3962], [118.31006, -1.42226], [118.32721, -1.47554], [118.35309, -1.5761], [118.36266, -1.60509], [118.37117, -1.65974], [118.42174, -1.90182], [118.4803, -2.14717], [118.54367, -2.40574], [118.58639, -2.5969], [118.60004, -2.76509], [118.60023, -2.78292], [118.59034, -3.06012], [118.58901, -3.11091], [118.59073, -3.16759], [118.58889, -3.3315], [118.58899, -3.36342], [118.58819, -3.49206], [118.58825, -3.5065], [118.58695, -3.60982], [118.56911, -3.64007], [118.41762, -3.83058], [118.34475, -3.91577], [118.26202, -4.03243], [118.18761, -4.11449], [118.04529, -4.29512], [117.83408, -4.56318], [117.68345, -4.75895], [117.52488, -4.96541], [117.37488, -5.16972], [117.21848, -5.37333], [117.0244, -5.59599], [116.91402, -5.72544], [116.90571, -5.7387], [116.87836, -5.79022], [116.8698, -5.80936], [116.81795, -5.97755], [116.73579, -6.21697], [116.69175, -6.34815], [116.61988, -6.58158], [116.53157, -6.83341], [116.45221, -7.0718], [116.42738, -7.1471], [116.37434, -7.38461], [116.37625, -7.39633], [116.44239, -7.63211], [116.50847, -7.8798], [116.5584, -8.06425], [116.54859, -8.08234], [116.51962, -8.07716], [116.41271, -8.05043], [116.39583, -8.04964], [116.34851, -8.05148], [116.33448, -8.05303], [116.32386, -8.05623], [116.19555, -8.11995], [116.13093, -8.15998], [116.0783, -8.18474], [116.03552, -8.20232], [116.02744, -8.21061], [116.03093, -8.2252], [116.04192, -8.22568], [116.21671, -8.12908], [116.37058, -8.03342], [116.3931, -8.02451], [116.55702, -7.98794], [116.60495, -7.97495], [116.62871, -7.96427], [116.62448, -7.94066], [116.59757, -7.94686], [116.38287, -8.04677], [116.23741, -8.11976], [116.22703, -8.1216], [116.21682, -8.11279], [116.21927, -8.09803], [116.47207, -8.00268], [116.4938, -7.99471], [116.5302, -7.99679], [116.53135, -8.01871], [116.52045, -8.02521], [116.3692, -8.04981], [116.35899, -8.05455], [116.27497, -8.08415], [116.26348, -8.08806], [116.08576, -8.16883], [116.05373, -8.18563], [116.03879, -8.19217], [115.97776, -8.21139], [115.97189, -8.22917], [115.99076, -8.22972], [116.20741, -8.12343], [116.22791, -8.11258], [116.23284, -8.1038], [116.21722, -8.09319], [116.09997, -8.14673], [116.08141, -8.15375], [116.00725, -8.20548], [116.01308, -8.22008], [116.04694, -8.19548], [116.05099, -8.18278], [116.03951, -8.16207], [116.02857, -8.15705], [115.95986, -8.15739], [115.94971, -8.15856], [115.94006, -8.16175], [115.92326, -8.17285], [115.87816, -8.21838], [115.87184, -8.2263], [115.86726, -8.2353], [115.79999, -8.42623], [115.78225, -8.48496], [115.78593, -8.47399], [115.73737, -8.6083], [115.71888, -8.61926], [115.68861, -8.62294], [115.67796, -8.63058], [115.67433, -8.64231], [115.67406, -8.65354], [115.67456, -8.67325], [115.6704, -8.68264], [115.65286, -8.68292], [115.65217, -8.67218], [115.65051, -8.59516], [115.64547, -8.58642], [115.62485, -8.58723], [115.618, -8.62163], [115.62424, -8.63346], [115.62114, -8.65134], [115.6074, -8.65398], [115.59518, -8.65094], [115.52332, -8.62572], [115.51216, -8.62386], [115.48566, -8.6224], [115.47197, -8.62283], [115.41797, -8.6312], [115.40766, -8.63385], [115.38336, -8.64214], [115.36369, -8.65604], [115.34154, -8.67649], [115.32316, -8.69472], [115.31314, -8.70344], [115.30241, -8.71591], [115.28646, -8.72676], [115.27414, -8.73202], [115.26304, -8.73558], [115.24649, -8.74618], [115.23605, -8.75501], [115.22601, -8.75367], [115.21573, -8.74997], [115.23071, -8.7558], [115.24033, -8.75226], [115.24867, -8.74503], [115.25723, -8.73949], [115.28675, -8.72661], [115.30407, -8.7188], [115.3152, -8.70871], [115.34804, -8.68128], [115.37376, -8.65683], [115.3787, -8.64744], [115.38827, -8.63668], [115.39739, -8.62947], [115.40679, -8.62573], [115.41722, -8.62366], [115.42984, -8.62326], [115.47118, -8.62304], [115.49125, -8.6253], [115.50167, -8.62399], [115.55356, -8.6198], [115.58771, -8.62051], [115.63085, -8.61842], [115.64212, -8.61461], [115.65255, -8.61386], [115.68032, -8.60978], [115.7054, -8.60676], [115.77521, -8.609], [115.7862, -8.60807], [115.79744, -8.60495], [115.80624, -8.5993], [115.81284, -8.58986], [115.8183, -8.57827], [115.83464, -8.53611], [115.83036, -8.54717], [115.86725, -8.46071], [115.93387, -8.27945], [115.94559, -8.25227], [115.96772, -8.21235], [116.04313, -8.05126], [116.10488, -7.90132], [116.16472, -7.77393], [116.17117, -7.75743], [116.21483, -7.68633], [116.25715, -7.58254], [116.36508, -7.35425], [116.36972, -7.34246], [116.44977, -7.09215], [116.52676, -6.85327], [116.60055, -6.62448], [116.65722, -6.45113], [116.70217, -6.26064], [116.70916, -6.24119], [116.78272, -6.07071], [116.86281, -5.8357], [116.88004, -5.78379], [117.03135, -5.58162], [117.0379, -5.57314], [117.18669, -5.36669], [117.21315, -5.33303], [117.34437, -5.19418], [117.38075, -5.14796], [117.53472, -4.94313], [117.69415, -4.74091], [117.85981, -4.5292], [118.02504, -4.32604], [118.19252, -4.11032], [118.31615, -3.95358], [118.367, -3.89417], [118.50068, -3.6967], [118.56773, -3.58235], [118.57914, -3.55813], [118.59281, -3.49181], [118.59624, -3.46122], [118.59752, -3.43001], [118.57663, -3.18533], [118.57382, -3.15315], [118.58441, -2.90701], [118.58655, -2.87468], [118.59361, -2.83064], [118.59692, -2.76355], [118.58895, -2.6156], [118.55845, -2.47218], [118.55273, -2.42474], [118.53416, -2.36974], [118.52807, -2.34393], [118.52722, -2.32994], [118.52883, -2.31873], [118.52953, -2.3034], [118.50007, -2.19854], [118.49945, -2.18056], [118.49502, -2.16581], [118.49116, -2.14718], [118.48956, -2.13324], [118.48218, -2.10872], [118.47373, -2.09053], [118.45349, -2.02753], [118.42709, -1.89437], [118.35889, -1.6307], [118.318, -1.42613], [118.25752, -1.17087], [118.2048, -0.93308], [118.14978, -0.69191], [118.0997, -0.469], [118.08338, -0.36552], [118.07561, -0.33658], [118.05623, -0.27689], [118.00789, -0.03822], [118.00308, -0.01337], [118.01672, 0.00204], [118.26818, 0.01867], [118.51161, 0.03616], [118.53733, 0.0356], [118.54993, 0.04217], [118.54977, 0.05691], [118.54061, 0.06456], [118.52784, 0.06515], [118.45784, 0.0586], [118.24857, 0.04746], [118.23649, 0.06065], [118.24706, 0.07033], [118.49667, 0.04273], [118.55003, 0.03832], [118.5622, 0.04988], [118.56055, 0.06086], [118.54931, 0.06656], [118.49868, 0.05731], [118.36781, 0.04475], [118.27115, 0.04168], [118.17632, 0.0065], [118.16865, -0.00158], [118.17031, -0.01207], [118.42892, -0.01771], [118.54882, -0.01666], [118.56028, -0.01799], [118.56832, -0.0253], [118.55921, -0.04299], [118.54547, -0.04322], [118.31576, -0.02127], [118.29691, -0.02306], [118.19558, -0.05164], [118.18525, -0.04827], [118.18277, -0.03643], [118.19968, -0.03874], [118.19555, -0.04915], [118.18552, -0.05037], [117.97063, 0.01089], [117.95964, 0.01156], [117.95186, 0.00449], [117.95494, -0.01084], [117.96535, -0.01391], [118.13655, -0.02119], [118.14672, -0.00908], [118.13837, -0.00231], [117.88637, 0.01034], [117.85528, 0.01212], [117.84653, 0.01768], [117.84528, 0.02887], [117.84508, 0.04465], [117.83803, 0.05371], [117.82741, 0.05134], [117.76463, 0.01363], [117.75353, 0.01192], [117.71198, 0.01047], [117.63327, 0.01004], [117.61729, 0.02054], [117.60034, 0.0279], [117.58685, 0.03594], [117.56922, 0.04734], [117.55777, 0.05436], [117.55088, 0.0635], [117.51911, 0.09332], [117.50767, 0.09427], [117.49552, 0.0936], [117.48367, 0.09449], [117.51552, 0.09431], [117.53821, 0.07939], [117.54546, 0.07179], [117.55155, 0.06121], [117.5589, 0.0539], [117.56745, 0.04746], [117.67993, 0.02398], [117.88424, -0.01369], [117.94279, -0.02878], [117.95261, -0.0322], [117.96286, -0.03941], [117.97611, -0.0502], [117.99987, -0.07386], [118.03069, -0.15564], [118.05964, -0.28568], [118.06593, -0.30858], [118.07021, -0.36069], [118.07522, -0.39729], [118.0983, -0.498], [118.10458, -0.55105], [118.11692, -0.59545], [118.13595, -0.64739], [118.1895, -0.8576], [118.20569, -0.92161], [118.21163, -0.93871], [118.23359, -0.98908], [118.25532, -1.13342], [118.32506, -1.44472], [118.33978, -1.50175], [118.38154, -1.69725], [118.41393, -1.85044], [118.49095, -2.17124], [118.50469, -2.22114], [118.534, -2.37294], [118.56141, -2.47383], [118.56528, -2.50807], [118.5731, -2.53321], [118.5902, -2.66888], [118.57924, -2.82883], [118.58824, -2.96768], [118.58703, -3.02274], [118.57539, -3.13106], [118.57477, -3.15808], [118.5835, -3.41474], [118.58872, -3.52037], [118.59014, -3.59059], [118.58525, -3.61628], [118.42417, -3.82524], [118.26391, -4.01822], [118.20533, -4.08352], [118.15783, -4.15389], [118.01431, -4.33902], [117.85865, -4.53256], [117.69144, -4.74901], [117.4745, -5.0228], [117.4153, -5.09672], [117.40098, -5.11189], [117.21699, -5.34087], [117.11655, -5.47461], [117.0392, -5.56212], [116.92439, -5.71923], [116.89065, -5.76265], [116.88598, -5.77209], [116.80804, -6.00337], [116.73285, -6.23023], [116.70089, -6.33481], [116.67373, -6.39655], [116.61352, -6.61331], [116.60572, -6.65477], [116.52248, -6.8761], [116.40718, -7.23616], [116.40859, -7.50278], [116.44288, -7.68927], [116.46637, -7.78023], [116.45257, -8.04108], [116.37711, -8.03769], [116.36342, -8.04174], [116.17063, -8.13676], [116.06431, -8.18137], [116.03863, -8.18948], [116.03464, -8.18001], [116.05096, -8.17264], [116.10911, -8.15464], [116.14757, -8.13805], [116.18889, -8.11781], [116.45872, -8.00662], [116.49277, -8.01533], [116.55215, -8.03404], [116.5582, -8.01725], [116.54778, -8.01334], [116.42723, -7.9889], [116.40232, -7.99526], [116.31407, -8.04842], [116.2893, -8.06043], [116.07094, -8.17246], [116.03947, -8.18811], [116.0231, -8.17382], [116.03125, -8.16494], [116.27242, -8.06759], [116.48043, -7.97207], [116.61923, -7.94803], [116.65387, -7.94418], [116.67846, -7.95703], [116.66983, -7.96712], [116.45699, -8.00391], [116.36862, -8.02311], [116.14438, -8.12873], [116.13129, -8.13497], [116.12126, -8.1202], [116.13438, -8.11443], [116.28242, -8.06747], [116.36786, -8.04489], [116.54358, -7.94628], [116.55959, -7.94486], [116.57299, -7.95284], [116.57725, -7.97179], [116.57197, -7.98138], [116.55377, -7.98838], [116.44478, -8.01861], [116.33701, -8.04954], [116.3081, -8.06038], [116.18035, -8.10787], [116.04746, -8.15823], [116.03889, -8.17503], [116.05658, -8.18449], [116.13464, -8.16648], [116.15378, -8.15989], [116.28364, -8.09814], [116.36555, -8.05746], [116.4647, -8.01626], [116.53247, -7.98668], [116.54824, -7.97804], [116.55168, -7.96478], [116.53922, -7.95404], [116.52402, -7.95854], [116.4637, -7.98062], [116.40287, -8.00258], [116.41251, -7.99909], [116.39219, -8.00642], [116.33301, -8.02738], [116.2053, -8.07275], [116.17367, -8.08778], [116.12789, -8.11099], [116.11967, -8.12823], [116.12673, -8.13684], [116.13873, -8.13706], [116.37063, -8.01803], [116.53775, -7.94454], [116.54587, -7.93192], [116.5393, -7.92298], [116.51585, -7.93029], [116.43704, -7.96971], [116.41075, -7.98505], [116.22497, -8.07159], [116.21214, -8.07714], [116.19625, -8.08722], [116.18542, -8.08233], [116.19428, -8.07056], [116.20864, -8.06627], [116.22571, -8.05618], [116.25119, -8.03046], [116.26596, -8.02149], [116.29531, -8.00659], [116.36187, -7.97244], [116.45227, -7.9262], [116.47803, -7.91328], [116.49989, -7.90271], [116.5271, -7.88957], [116.5416, -7.8883], [116.55196, -7.89964], [116.55088, -7.91054], [116.54237, -7.91857], [116.49701, -7.94867], [116.47819, -7.95902], [116.48855, -7.95331], [116.4691, -7.96391], [116.26969, -8.06181], [116.21492, -8.08735], [116.17039, -8.10758], [116.15868, -8.10536], [116.15354, -8.09291], [116.15826, -8.0837], [116.16854, -8.07828], [116.23349, -8.04918], [116.34998, -7.9947], [116.34054, -7.99901], [116.3801, -7.98104], [116.41049, -7.9675], [116.45958, -7.94619], [116.53216, -7.91519], [116.55292, -7.93187], [116.53052, -7.94928], [116.31874, -8.05034], [116.09158, -8.15542], [116.05692, -8.17183], [116.04884, -8.18013], [116.05295, -8.19284], [116.06906, -8.19211], [116.203, -8.11768], [116.22672, -8.10731], [116.31283, -8.07648], [116.49867, -7.99158], [116.51105, -7.98372], [116.50103, -7.97185], [116.49028, -7.97604], [116.44433, -7.99843], [116.3863, -8.01553], [116.28505, -8.0587], [116.23662, -8.07915], [116.13917, -8.12021], [116.11222, -8.13371], [116.01219, -8.19975], [115.99845, -8.19119], [116.0041, -8.18051], [116.02051, -8.1623], [116.02967, -8.15631], [116.17785, -8.10411], [116.33954, -8.06261], [116.53736, -8.02725], [116.58952, -8.01776], [116.60145, -8.00132], [116.58124, -7.99441], [116.37649, -8.03121], [116.35784, -8.03666], [116.34159, -8.04265], [116.23191, -8.08774], [116.22036, -8.09016], [116.21326, -8.08236], [116.21653, -8.07278], [116.22874, -8.06786], [116.26242, -8.05645], [116.35919, -8.03305], [116.45313, -8.00249], [116.54431, -7.96531], [116.5526, -7.95786], [116.52964, -7.95481], [116.45387, -7.9965], [116.38051, -8.03845], [116.29352, -8.08716], [116.2768, -8.0929], [116.24371, -8.10238], [116.18114, -8.12792], [116.16886, -8.12672], [116.16793, -8.11499], [116.18054, -8.10941], [116.3869, -8.04719], [116.49234, -8.02334], [116.55711, -8.00459], [116.56797, -7.99914], [116.56877, -7.98599], [116.49529, -8.0112], [116.48152, -8.01554], [116.2581, -8.06012], [116.1359, -8.08077], [116.12171, -8.0855], [116.12041, -8.09712], [116.12995, -8.10199], [116.37045, -7.99254], [116.40104, -7.97885], [116.40773, -7.9644], [116.39281, -7.96203], [116.15342, -8.02], [116.0303, -8.04771], [115.94009, -8.06724], [115.93296, -8.0763], [115.90012, -8.1551], [115.88505, -8.184], [115.87438, -8.18701], [115.80028, -8.14629], [115.7631, -8.12524], [115.76847, -8.106], [115.92382, -8.04769], [115.93024, -8.03154], [115.90735, -8.02005], [115.89187, -8.02787], [115.88589, -8.03892], [115.83466, -8.21869], [115.83046, -8.23061], [115.81911, -8.23432], [115.80964, -8.22704], [115.80914, -8.2155], [115.81968, -8.20687], [115.83335, -8.21508], [115.83693, -8.23362], [115.83974, -8.26538], [115.83857, -8.28209], [115.83547, -8.29811], [115.82592, -8.33113], [115.77511, -8.50516], [115.73673, -8.604], [115.72674, -8.61626], [115.7094, -8.61767], [115.67253, -8.61182], [115.66088, -8.61071], [115.64719, -8.61893], [115.64644, -8.63213], [115.64762, -8.66411], [115.64352, -8.67505], [115.62674, -8.66905], [115.62318, -8.64379], [115.61801, -8.63464], [115.60761, -8.63143], [115.59206, -8.62945], [115.56601, -8.62811], [115.52793, -8.62974], [115.5112, -8.62865], [115.46213, -8.62123], [115.44463, -8.61826], [115.42853, -8.61486], [115.39712, -8.60796], [115.38333, -8.61635], [115.36995, -8.63944], [115.36079, -8.6525], [115.3522, -8.66618], [115.34428, -8.67521], [115.32473, -8.69372], [115.30589, -8.71373], [115.29028, -8.72551], [115.27351, -8.73176], [115.25152, -8.74278], [115.23559, -8.75497], [115.21646, -8.75005], [115.22928, -8.75521], [115.24575, -8.74797], [115.26533, -8.73696], [115.30069, -8.7196], [115.36527, -8.66138], [115.3769, -8.65052], [115.40838, -8.62558], [115.42036, -8.62079], [115.46006, -8.62227], [115.49266, -8.62036], [115.52625, -8.62515], [115.59037, -8.6185], [115.6204, -8.61715], [115.72343, -8.60522], [115.78242, -8.60009], [115.7981, -8.59657], [115.80545, -8.58651], [115.82498, -8.53339], [115.85141, -8.47824], [115.91131, -8.29675], [116.02313, -8.06194], [116.09995, -7.90071], [116.12008, -7.86442], [116.23036, -7.63377], [116.33707, -7.41145], [116.3789, -7.31217], [116.458, -7.06945], [116.53687, -6.83271], [116.57215, -6.76215], [116.578, -6.74611], [116.64008, -6.51645], [116.71228, -6.28688], [116.72329, -6.25394], [116.80122, -6.02104], [116.88012, -5.78101], [116.88611, -5.76411], [117.0457, -5.56947], [117.18892, -5.38019], [117.33818, -5.19109], [117.49977, -4.98666], [117.65768, -4.78906], [117.73404, -4.71326], [117.80046, -4.63222], [117.87595, -4.52711], [117.92232, -4.45388], [117.9552, -4.41537], [118.11127, -4.22115], [118.25973, -4.02421], [118.41673, -3.82726], [118.57467, -3.62493], [118.60125, -3.591], [118.6068, -3.58202], [118.61263, -3.56954], [118.61641, -3.55597], [118.61778, -3.53283], [118.60731, -3.30037], [118.60695, -3.28398], [118.59891, -3.18771], [118.59195, -3.14738], [118.58976, -3.12034], [118.58786, -2.8902], [118.59159, -2.77289], [118.59413, -2.72132], [118.58772, -2.6192], [118.57797, -2.57153], [118.54293, -2.42047], [118.54526, -2.43219], [118.50662, -2.24342], [118.49861, -2.21596], [118.48902, -2.1915], [118.48393, -2.17605], [118.47667, -2.1222], [118.42866, -1.88253], [118.37426, -1.6558], [118.31912, -1.4327], [118.28764, -1.30438], [118.28263, -1.28445], [118.26721, -1.2194], [118.259, -1.18642], [118.24207, -1.10874], [118.2076, -0.94346], [118.20419, -0.9273], [118.19248, -0.87955], [118.19569, -0.89192], [118.17911, -0.82727], [118.15872, -0.72616], [118.10557, -0.50333], [118.05231, -0.27097], [118.01597, -0.10184], [118.02816, -0.01639], [118.03907, -0.00761], [118.04694, -0.02467], [118.04781, -0.12646], [118.04717, -0.20087], [118.04693, -0.21868], [118.03641, -0.22769], [118.02809, -0.21939], [117.99842, 0.01849], [117.99307, 0.0604], [117.99735, 0.07044], [118.00716, 0.07477], [118.05607, 0.07339], [118.15785, 0.05438], [118.16854, 0.04962], [118.35911, -0.1151], [118.43359, -0.18027], [118.46925, -0.20606], [118.48145, -0.22255], [118.46641, -0.23028], [118.23188, -0.14883], [117.99581, -0.06301], [117.9889, -0.05573], [117.99699, -0.00525], [118.01194, 0.00933], [118.22113, 0.00658], [118.24363, 0.00107], [118.24398, -0.02991], [118.24217, -0.1359], [118.09506, -0.32804], [118.07936, -0.325], [118.10596, -0.26299], [118.12151, -0.18376], [118.12596, -0.14364], [118.1706, -0.0204], [118.17788, 0.02125], [118.17443, 0.03076], [118.16432, 0.03336], [117.99361, -0.00157], [117.97585, -0.00762], [117.96782, -0.01699], [117.9729, -0.02828], [118.10483, -0.03497], [118.11996, -0.03445], [118.14029, -0.03248], [118.15398, -0.01854], [118.1419, -0.00564], [117.9371, -0.01023], [117.83542, -0.00751], [117.82514, -0.00134], [117.82353, 0.0128], [117.82346, 0.04278], [117.81732, 0.054], [117.80688, 0.05263], [117.73102, 0.01712], [117.70891, 0.01005], [117.69213, 0.00829], [117.63455, 0.00929], [117.61888, 0.01634], [117.6077, 0.02286], [117.57021, 0.04334], [117.55882, 0.05223], [117.54738, 0.07036], [117.52258, 0.09095], [117.51091, 0.09394], [117.49602, 0.09384], [117.4834, 0.09454], [117.50217, 0.09452], [117.51521, 0.09422], [117.52734, 0.08716], [117.53973, 0.07834], [117.54709, 0.06928], [117.5615, 0.0516], [117.57, 0.04518], [117.58405, 0.04095], [117.81359, -5e-05], [117.85989, -0.00967], [117.89897, -0.02155], [117.999, -0.04668], [118.0114, -0.06383], [118.0345, -0.16465], [118.07154, -0.29489], [118.11681, -0.55069], [118.17227, -0.80174], [118.187, -0.86259], [118.19591, -0.89213], [118.21088, -0.96595], [118.22925, -1.03288], [118.26337, -1.18467], [118.29517, -1.34665], [118.31023, -1.40163], [118.3607, -1.63259], [118.36787, -1.66804], [118.4316, -1.92229], [118.48362, -2.14364], [118.52637, -2.33092], [118.53795, -2.41956], [118.58285, -2.62473], [118.5928, -2.72276], [118.59288, -2.73993], [118.57837, -2.80001], [118.57749, -2.8162], [118.59406, -3.0126], [118.59317, -3.09308], [118.59659, -3.14762], [118.59623, -3.17395], [118.59019, -3.22579], [118.59019, -3.26098], [118.56072, -3.64106], [118.0803, -4.25176], [117.73798, -4.68857], [117.65977, -4.78938], [117.62936, -4.83992], [117.61092, -4.86287], [117.59444, -4.88036], [117.56446, -4.89864], [117.54021, -4.91529], [117.45808, -5.04021], [117.38273, -5.13659], [117.37027, -5.15704], [117.39433, -5.16697], [117.41826, -5.184], [117.42323, -5.19483], [117.42321, -5.21139], [117.41329, -5.23623], [117.24932, -5.396], [117.18936, -5.45214], [117.10202, -5.52062], [117.07709, -5.54301], [117.02865, -5.5963], [116.87918, -5.77939], [116.76054, -6.15005], [116.66275, -6.45181], [116.58598, -6.66882], [116.47867, -7.00402], [116.40414, -7.23883], [116.38814, -7.2756], [116.35624, -7.32745], [116.36248, -7.3601], [116.37483, -7.38975], [116.39246, -7.45119], [116.4381, -7.64689], [116.44763, -7.67896], [116.50562, -7.86258], [116.54943, -8.03073], [116.55872, -8.08168], [116.53259, -8.08487], [116.48914, -8.06746], [116.36507, -8.03706], [116.28244, -8.06735], [116.22116, -8.09356], [116.20858, -8.0929], [116.11405, -8.03985], [116.09115, -8.03419], [116.07949, -8.02932], [116.067, -8.01348], [116.06676, -7.98357], [116.1015, -7.97691], [116.32582, -7.97034], [116.44879, -7.96057], [116.45272, -7.9781], [116.34548, -7.97843], [116.2019, -7.96913], [116.13662, -7.96847], [116.11486, -7.97183], [116.11474, -7.98239], [116.12808, -7.98467], [116.37548, -7.97748], [116.64192, -7.96813], [116.748, -7.96133], [116.76096, -7.94098], [116.73458, -7.93689], [116.5141, -7.93739], [116.28474, -7.93881], [116.11131, -7.94196], [116.09835, -7.94501], [116.0915, -7.95766], [116.05582, -8.06695], [116.04196, -8.14268], [116.04027, -8.15591], [116.04807, -8.16302], [116.11413, -8.13447], [116.37433, -8.01863], [116.50408, -7.96733], [116.52581, -7.94493], [116.48726, -7.95139], [116.2601, -8.01405], [116.08766, -8.05494], [116.07701, -8.05446], [116.07846, -8.0381], [116.28304, -8.00116], [116.30949, -8.001], [116.31099, -8.02382], [116.05705, -8.06157], [115.93175, -8.07921], [115.92263, -8.08651], [115.89699, -8.14422], [115.88436, -8.16084], [115.86504, -8.14904], [115.84913, -8.13339], [115.83865, -8.12099], [115.82282, -8.09326], [115.8304, -8.08061], [115.84013, -8.08391], [115.84389, -8.11237], [115.84944, -8.20379], [115.84855, -8.21817], [115.84679, -8.2316], [115.83074, -8.31542], [115.77326, -8.47861], [115.76796, -8.4885], [115.74626, -8.52102], [115.73843, -8.53039], [115.70564, -8.55917], [115.67969, -8.59181], [115.67108, -8.60694], [115.65707, -8.63561], [115.6417, -8.64175], [115.6302, -8.63955], [115.6188, -8.62576], [115.61452, -8.61239], [115.61169, -8.59996], [115.60191, -8.59545], [115.58205, -8.59817], [115.57017, -8.60171], [115.54462, -8.61166], [115.52271, -8.61639], [115.40827, -8.62374], [115.39139, -8.63294], [115.32393, -8.69466], [115.30021, -8.7204], [115.2772, -8.73147], [115.25776, -8.73982], [115.24822, -8.74529], [115.23814, -8.75428], [115.22653, -8.75369], [115.21085, -8.74706], [115.22935, -8.75485], [115.24258, -8.75025], [115.25129, -8.7435], [115.2831, -8.72838], [115.30509, -8.71395], [115.35688, -8.67474], [115.36758, -8.66262], [115.39887, -8.63184], [115.41011, -8.62324], [115.42109, -8.62239], [115.64435, -8.61467], [115.73842, -8.60265], [115.75332, -8.59816], [115.76982, -8.59053], [115.78463, -8.57891], [115.7951, -8.56479], [115.86917, -8.42972], [115.91464, -8.29709], [116.00031, -8.10946], [116.10402, -7.89896], [116.20848, -7.67736], [116.31279, -7.48254], [116.31678, -7.47328], [116.32634, -7.4435], [116.35446, -7.36229], [116.3727, -7.30354], [116.39134, -7.25437], [116.41426, -7.17799], [116.49771, -6.95257], [116.57705, -6.70406], [116.65941, -6.45338], [116.67921, -6.39169], [116.71069, -6.31313], [116.74774, -6.19336], [116.76216, -6.13373], [116.77989, -6.08453], [116.79098, -6.05566], [116.85909, -5.84036], [116.87975, -5.77748], [116.91857, -5.71987], [117.0016, -5.58911], [117.16584, -5.378], [117.32074, -5.21194], [117.47974, -5.01309], [117.69619, -4.73691], [117.8469, -4.54676], [117.99138, -4.36448], [118.1483, -4.15903], [118.44693, -3.7892], [118.51094, -3.71013], [118.53147, -3.68146], [118.55804, -3.63896], [118.56707, -3.6205], [118.57826, -3.59056], [118.5881, -3.34948], [118.59095, -3.10865], [118.59047, -3.0906], [118.57972, -2.98248], [118.57885, -2.8963], [118.58867, -2.68559], [118.58496, -2.65509], [118.55671, -2.53795], [118.53958, -2.38345], [118.53826, -2.36174], [118.53681, -2.35043], [118.49467, -2.19877], [118.43937, -1.951], [118.3704, -1.65269], [118.34373, -1.53759], [118.30389, -1.41818], [118.26115, -1.17884], [118.22534, -0.99061], [118.1635, -0.75547], [118.1466, -0.68728], [118.12707, -0.59384], [118.10842, -0.4255], [118.06526, -0.32285], [118.05186, -0.26245], [118.04299, -0.20818], [117.98893, 0.00564], [117.99183, 0.0183], [118.00518, 0.02249], [118.24444, 0.01225], [118.43605, -0.00011], [118.44787, -0.00187], [118.51136, -0.01695], [118.52872, -0.02854], [118.51349, -0.05023], [118.47338, -0.04946], [118.43563, -0.04585], [118.42479, -0.04214], [118.39835, -0.03008], [118.38303, -0.02518], [118.2801, -0.01305], [118.02581, -0.02564], [118.01322, -0.04066], [118.02445, -0.0547], [118.10041, -0.04399], [118.34481, -0.03515], [118.55349, -0.0297], [118.56157, -0.03681], [118.5535, -0.05541], [118.42453, -0.06288], [118.39298, -0.06205], [118.13217, -0.03283], [118.04222, -0.01931], [118.03106, -0.00799], [118.16537, 0.0121], [118.15606, 0.02071], [117.89924, 0.01371], [117.86102, 0.01272], [117.84103, 0.02075], [117.83807, 0.04397], [117.83536, 0.05531], [117.82251, 0.06253], [117.80923, 0.06353], [117.79252, 0.05776], [117.7408, 0.01962], [117.72364, 0.01214], [117.70591, 0.01038], [117.68243, 0.0098], [117.66411, 0.01107], [117.63989, 0.01055], [117.62274, 0.01793], [117.59644, 0.03014], [117.57922, 0.03889], [117.56661, 0.04611], [117.55855, 0.05223], [117.54691, 0.06935], [117.52159, 0.0917], [117.51028, 0.0938], [117.49523, 0.09356], [117.48463, 0.09511], [117.49746, 0.0947], [117.51488, 0.09434], [117.53868, 0.07911], [117.55308, 0.0595], [117.56275, 0.0496], [117.58505, 0.04317], [117.63557, 0.03104], [117.66223, 0.02308], [117.9161, -0.01952], [117.98627, -0.03091], [117.99782, -0.0387], [118.05984, -0.28921], [118.10623, -0.51023], [118.11232, -0.55242], [118.18509, -0.81687], [118.19007, -0.834], [118.20542, -0.9298], [118.21046, -0.98742], [118.21702, -1.01566], [118.24801, -1.11223], [118.31243, -1.38274], [118.35699, -1.58933], [118.36796, -1.64524], [118.40434, -1.81135], [118.46449, -2.06234], [118.53505, -2.39104], [118.5857, -2.59937], [118.58472, -2.66847], [118.58537, -2.71726], [118.5932, -2.81382], [118.5926, -2.89053], [118.59346, -2.92832], [118.59609, -2.96208], [118.59621, -2.97883], [118.59186, -3.23678], [118.599, -3.54322], [118.59539, -3.58591], [118.51982, -3.7054], [118.11761, -4.207], [117.90807, -4.47423], [117.75007, -4.6681], [117.66255, -4.78083], [117.56052, -4.88366], [117.41595, -5.09978], [117.34805, -5.20749], [117.32574, -5.23557], [117.16438, -5.40977], [117.10483, -5.47482], [117.01621, -5.59795], [116.88366, -5.76624], [116.80992, -6.00246], [116.78224, -6.09775], [116.71772, -6.29381], [116.70349, -6.37247], [116.75052, -6.64473], [116.78671, -6.89977], [116.81886, -7.12104], [116.83246, -7.20087], [116.83568, -7.21859], [116.85706, -7.22439], [116.85853, -7.20907], [116.84634, -7.13464], [116.80543, -6.91467], [116.79627, -6.85752], [116.78276, -6.84563], [116.77579, -6.87861], [116.81715, -7.14165], [116.82077, -7.16003], [116.81617, -7.17351], [116.80382, -7.19482], [116.79791, -7.20699], [116.79834, -7.22009], [116.84129, -7.30108], [116.84062, -7.31357], [116.73043, -7.61799], [116.71297, -7.66253], [116.68899, -7.68046], [116.67291, -7.68884], [116.58877, -7.7393], [116.52964, -7.76863], [116.49882, -7.78078], [116.38216, -7.83493], [116.14821, -7.98267], [116.11995, -8.00024], [116.11614, -8.01048], [116.12813, -8.02282], [116.30018, -8.02752], [116.34262, -8.0317], [116.37191, -8.03654], [116.39635, -8.03946], [116.4575, -8.02787], [116.54093, -8.00818], [116.55708, -8.01702], [116.55246, -8.02839], [116.53518, -8.03141], [116.35274, -8.04066], [116.27836, -8.03505], [116.25838, -8.03491], [116.22496, -8.03696], [116.12975, -8.05537], [116.12091, -8.06022], [116.11914, -8.0725], [116.13112, -8.07866], [116.14343, -8.07564], [116.18747, -8.05978], [116.20071, -8.05596], [116.25434, -8.05063], [116.31573, -8.05739], [116.44951, -8.05875], [116.46251, -8.05742], [116.51547, -8.05456], [116.54576, -8.05771], [116.54125, -8.07523], [116.52909, -8.07556], [116.40826, -8.0688], [116.33849, -8.06965], [116.1229, -8.08221], [116.00312, -8.08163], [115.99322, -8.08944], [116.00646, -8.09917], [116.14863, -8.09318], [116.1878, -8.09317], [116.32066, -8.08248], [116.36809, -8.07612], [116.38022, -8.07309], [116.37931, -8.06313], [116.36698, -8.06205], [116.25848, -8.06929], [116.24422, -8.0702], [116.14204, -8.07529], [116.09265, -8.0763], [116.10277, -8.07629], [116.08481, -8.07516], [116.08534, -8.06184], [116.20226, -8.06348], [116.21118, -8.05835], [116.20625, -8.04836], [116.19706, -8.04131], [116.18264, -8.03328], [116.16325, -8.02506], [116.14219, -8.01905], [116.12851, -8.01648], [116.11467, -8.01595], [116.10318, -8.01705], [116.08434, -8.02044], [116.04002, -8.03357], [115.97746, -8.05129], [115.85617, -8.08289], [115.78396, -8.10405], [115.76538, -8.10961], [115.75665, -8.12578], [115.76512, -8.13434], [115.84546, -8.26558], [115.85067, -8.2781], [115.8477, -8.28786], [115.81654, -8.37568], [115.81332, -8.38661], [115.79183, -8.45215], [115.77621, -8.51053], [115.7644, -8.53801], [115.74055, -8.5816], [115.73095, -8.60891], [115.72609, -8.6183], [115.7166, -8.62398], [115.7053, -8.62466], [115.68988, -8.62413], [115.67785, -8.62328], [115.66838, -8.62852], [115.66399, -8.64232], [115.66371, -8.66399], [115.65681, -8.67401], [115.647, -8.67164], [115.64621, -8.62044], [115.64177, -8.57808], [115.6352, -8.56593], [115.60941, -8.57183], [115.60197, -8.58966], [115.61404, -8.61191], [115.60861, -8.62261], [115.59742, -8.62412], [115.56862, -8.62456], [115.53746, -8.62365], [115.49701, -8.62758], [115.4666, -8.63237], [115.44728, -8.62633], [115.43878, -8.61675], [115.41817, -8.61001], [115.37951, -8.63949], [115.36147, -8.65685], [115.30442, -8.71845], [115.28914, -8.73387], [115.27648, -8.73167], [115.26619, -8.73396], [115.25427, -8.73988], [115.23651, -8.7546], [115.21637, -8.74985], [115.23278, -8.75577], [115.2472, -8.7461], [115.29828, -8.71692], [115.32582, -8.70387], [115.33434, -8.69593], [115.34677, -8.68012], [115.37804, -8.64783], [115.39242, -8.63824], [115.4056, -8.63068], [115.41587, -8.6266], [115.47119, -8.62213], [115.50254, -8.61384], [115.53189, -8.60408], [115.54815, -8.60099], [115.55823, -8.60014], [115.71139, -8.61294], [115.74411, -8.61674], [115.7675, -8.61782], [115.77746, -8.61501], [115.78771, -8.60996], [115.79553, -8.60125], [115.80518, -8.58461], [115.84788, -8.48805], [115.87358, -8.41622], [115.88045, -8.39313], [115.88921, -8.34686], [115.8967, -8.3046], [115.9018, -8.28674], [115.9054, -8.27722], [116.0129, -8.0772], [116.01947, -8.06637], [116.06594, -7.97933], [116.16987, -7.76592], [116.25935, -7.58071], [116.30966, -7.46387], [116.34741, -7.40207], [116.36696, -7.37447], [116.36006, -7.38427], [116.37646, -7.35881], [116.37025, -7.3697], [116.37993, -7.34825], [116.40813, -7.23425], [116.48317, -6.99314], [116.51844, -6.88992], [116.59254, -6.65888], [116.62112, -6.57763], [116.63267, -6.53502], [116.63633, -6.51598], [116.6442, -6.43369], [116.64644, -6.42192], [116.74146, -6.18872], [116.82196, -5.95538], [116.88353, -5.75528], [116.88925, -5.74664], [117.05304, -5.55726], [117.12392, -5.48028], [117.15774, -5.44952], [117.23227, -5.37276], [117.30299, -5.28005], [117.43277, -5.08369], [117.51717, -4.96894], [117.60289, -4.87866], [117.68191, -4.75603], [117.83647, -4.56762], [117.98806, -4.37165], [118.13417, -4.18696], [118.27856, -4.00259], [118.4214, -3.81981], [118.54997, -3.65199], [118.55209, -3.64044], [118.54774, -3.58247], [118.55535, -3.38826], [118.57909, -3.28159], [118.57815, -3.2691], [118.57125, -3.23059], [118.57327, -3.21818], [118.57885, -3.19307], [118.5867, -3.13941], [118.58733, -3.12855], [118.57679, -3.03599], [118.59331, -2.83494], [118.59633, -2.79081], [118.58929, -2.72828], [118.59008, -2.61896], [118.54093, -2.40098], [118.49306, -2.18607], [118.48873, -2.16665], [118.48577, -2.13984], [118.47351, -2.08715], [118.44978, -2.00815], [118.42562, -1.9062], [118.4164, -1.88053], [118.38515, -1.72208], [118.34833, -1.56294], [118.31159, -1.40358], [118.27975, -1.27763], [118.26079, -1.20717], [118.23545, -1.08083], [118.19633, -0.94439], [118.19349, -0.92874], [118.18674, -0.87152], [118.15253, -0.70263], [118.11213, -0.52387], [118.076, -0.37327], [118.06048, -0.30271], [118.04688, -0.24128], [118.02875, -0.15923], [118.00793, -0.09549], [118.00155, -0.07484], [117.98694, -0.00704], [117.97113, -0.0047], [118.05408, -0.01974], [118.06656, -0.0206], [118.0821, -0.02176], [118.1162, -0.02434], [118.14383, -0.02471], [118.32747, -0.03078], [118.44398, -0.03277], [118.45095, -0.02511], [118.43995, -0.00904], [118.40821, 0.00322], [118.38805, 0.00513], [118.19423, -0.00667], [118.18409, -0.01253], [118.18436, -0.02931], [118.20045, -0.02723], [118.18513, -0.01328], [118.16258, -0.00814], [118.08565, 0.00013], [117.98792, 0.00556], [117.97464, 0.00089], [117.97545, -0.0133], [117.99975, -0.01702], [118.05771, -0.02181], [118.08165, -0.02172], [118.08403, -0.01074], [118.0724, -0.00517], [117.99313, 0.00954], [117.88793, 0.01133], [117.87922, 0.0169], [117.83588, 0.05518], [117.817, 0.06395], [117.80767, 0.05964], [117.79832, 0.05265], [117.7899, 0.04412], [117.77007, 0.01966], [117.73868, 0.00962], [117.72361, 0.00801], [117.65524, 0.00701], [117.6426, 0.0072], [117.62006, 0.01574], [117.58582, 0.0356], [117.57668, 0.0401], [117.55491, 0.05689], [117.54743, 0.06978], [117.52137, 0.0915], [117.50066, 0.09366], [117.48314, 0.09522], [117.4936, 0.09516], [117.51394, 0.09381], [117.54283, 0.0756], [117.54891, 0.06574], [117.55568, 0.05706], [117.56295, 0.04971], [117.57182, 0.04428], [117.61538, 0.03279], [117.64579, 0.02639], [117.68126, 0.01935], [117.85734, -0.00597], [117.99539, -0.03496], [118.00864, -0.04812], [118.0181, -0.1015], [118.01623, -0.09023], [118.03756, -0.19915], [118.05407, -0.26973], [118.07468, -0.35575], [118.08931, -0.48894], [118.15979, -0.73287], [118.17902, -0.77938], [118.23419, -0.87839], [118.25897, -1.17046], [118.26611, -1.21223], [118.33648, -1.49544], [118.40417, -1.79858], [118.46531, -2.07678], [118.47044, -2.10413], [118.4867, -2.17271], [118.50826, -2.30727], [118.51739, -2.34406], [118.54774, -2.43784], [118.5854, -2.59341], [118.59024, -2.63167], [118.58132, -2.87113], [118.59193, -3.16153], [118.5845, -3.46276], [118.57938, -3.5739], [118.57173, -3.60882], [118.48783, -3.73989], [118.46321, -3.77069], [118.41019, -3.82973], [118.26663, -4.01795], [118.22476, -4.08369], [118.02384, -4.31925], [117.83893, -4.55975], [117.7601, -4.65499], [117.73627, -4.68687], [117.74265, -4.67838], [117.54758, -4.92744], [117.52507, -4.95843], [117.49952, -4.9903], [117.31867, -5.24921], [117.21799, -5.38413], [117.02515, -5.62034], [116.88309, -5.79148], [116.87328, -5.80835], [116.85702, -5.84455], [116.80896, -5.99444], [116.78963, -6.04729], [116.77424, -6.08289], [116.67968, -6.38611], [116.58994, -6.68131], [116.50158, -6.96139], [116.43363, -7.20265], [116.41132, -7.28465], [116.40229, -7.30121], [116.28338, -7.50117], [116.17745, -7.68896], [116.06263, -7.89221], [115.94211, -8.10243], [115.9071, -8.16704], [115.90512, -8.17897], [115.91342, -8.18671], [115.92387, -8.18544], [115.93001, -8.17712], [116.04438, -7.97075], [116.13253, -7.81119], [116.13512, -7.79607], [116.12282, -7.78804], [116.10763, -7.80239], [115.986, -8.02647], [115.97823, -8.04097], [115.96821, -8.04925], [115.95537, -8.0492], [115.94791, -8.04236], [115.94706, -8.02977], [115.95704, -8.02046], [115.96798, -8.02084], [115.97718, -8.02786], [115.98063, -8.03985], [115.97752, -8.05036], [115.92725, -8.1462], [115.92521, -8.15892], [115.93143, -8.17042], [115.9419, -8.17498], [115.95185, -8.17221], [115.95774, -8.15319], [115.94706, -8.14338], [115.93279, -8.14591], [115.92297, -8.15879], [115.91479, -8.17342], [115.89378, -8.19418], [115.887, -8.20451], [115.84826, -8.28039], [115.77532, -8.50221], [115.73283, -8.60352], [115.72307, -8.6116], [115.71133, -8.61273], [115.66886, -8.60707], [115.65605, -8.60736], [115.59157, -8.60309], [115.5813, -8.5951], [115.59378, -8.5815], [115.605, -8.595], [115.59904, -8.6067], [115.58799, -8.61298], [115.57581, -8.61398], [115.53078, -8.61425], [115.51891, -8.6113], [115.50445, -8.59708], [115.50404, -8.58592], [115.52227, -8.58384], [115.58109, -8.58773], [115.59039, -8.59411], [115.58372, -8.6097], [115.57167, -8.61104], [115.56085, -8.60966], [115.54569, -8.60509], [115.51143, -8.59034], [115.46367, -8.60103], [115.45046, -8.60185], [115.42299, -8.61258], [115.38409, -8.63885], [115.35607, -8.66538], [115.3336, -8.6838], [115.32565, -8.69105], [115.31587, -8.70199], [115.30908, -8.71039], [115.30108, -8.7178], [115.28377, -8.72982], [115.2724, -8.73372], [115.252, -8.74247], [115.24385, -8.74827], [115.23348, -8.75552], [115.21528, -8.74922], [115.23077, -8.75541], [115.24916, -8.74557], [115.26858, -8.73721], [115.30006, -8.72059], [115.3087, -8.71367], [115.32318, -8.70039], [115.33207, -8.692], [115.35192, -8.67602], [115.3698, -8.65883], [115.39426, -8.6357], [115.40578, -8.62414], [115.41837, -8.62353], [115.43174, -8.6237], [115.44483, -8.62315], [115.45843, -8.62042], [115.4704, -8.6183], [115.48513, -8.61503], [115.5103, -8.61055], [115.57277, -8.606], [115.65267, -8.60665], [115.70169, -8.61193], [115.72772, -8.61289], [115.7702, -8.6131], [115.79564, -8.61185], [115.80337, -8.60356], [115.82679, -8.52676], [115.90172, -8.32536], [115.91063, -8.30241], [115.91824, -8.28201], [116.02549, -8.0582], [116.1346, -7.83976], [116.16132, -7.78143], [116.24735, -7.58999], [116.29789, -7.49685], [116.35321, -7.39662], [116.4226, -7.17446], [116.4329, -7.14321], [116.46091, -7.0576], [116.53962, -6.82494], [116.61412, -6.59226], [116.68636, -6.37354], [116.70166, -6.33028], [116.70972, -6.31329], [116.76356, -6.21384], [116.79025, -6.12957], [116.83993, -5.90362], [116.8656, -5.81414], [116.87453, -5.78925], [116.88297, -5.77016], [116.90194, -5.74193], [116.94143, -5.70596], [117.04178, -5.5719], [117.1903, -5.39315], [117.22654, -5.34802], [117.25702, -5.2948], [117.40098, -5.10837], [117.54807, -4.9367], [117.68484, -4.75491], [117.82565, -4.57722], [117.96568, -4.3973], [118.13847, -4.17811], [118.31426, -3.95914], [118.50739, -3.71832], [118.58212, -3.5809], [118.59352, -3.32703], [118.59358, -3.3151], [118.60067, -3.256], [118.60105, -3.23366], [118.59115, -3.07728], [118.59273, -2.9159], [118.59533, -2.88611], [118.5951, -2.85599], [118.59189, -2.82645], [118.59125, -2.73415], [118.60198, -2.70752], [118.60564, -2.68727], [118.5537, -2.46886], [118.53661, -2.4097], [118.52295, -2.34205], [118.51235, -2.25324], [118.45381, -2.0073], [118.39743, -1.78016], [118.39397, -1.76577], [118.37978, -1.70164], [118.38226, -1.71278], [118.34205, -1.53464], [118.32422, -1.45403], [118.32058, -1.44338], [118.29364, -1.39252], [118.25303, -1.31579], [118.24893, -1.30607], [118.23276, -1.26659], [118.22463, -1.24124], [118.22018, -1.22312], [118.20921, -1.15606], [118.22585, -1.04973], [118.22279, -0.98402], [118.21475, -0.91457], [118.21024, -0.8214], [118.15042, -0.63782], [118.09694, -0.45129], [118.06827, -0.3349], [118.05107, -0.25254], [118.0421, -0.19206], [118.0084, -0.02848], [118.02527, 0.01017], [118.03682, 0.01451], [118.1012, 0.01219], [118.1884, 0.00098], [118.2228, -0.00704], [118.23548, -0.00974], [118.34239, -0.01802], [118.34593, -0.00555], [118.26123, -0.00341], [118.22802, -0.00215], [118.20262, -0.00121], [118.07462, -0.02859], [118.06408, -0.02665], [118.03784, -0.00613], [118.03235, 0.00228], [118.02744, 0.01481], [118.02213, 0.04157], [118.02856, 0.0505], [118.06376, -0.03478], [118.06142, -0.04809], [118.05139, -0.04804], [118.05082, -0.03769], [118.12354, -0.00167], [118.13712, 0.00911], [118.13513, 0.01976], [118.12345, 0.02509], [118.10646, 0.01649], [118.10687, 0.00297], [118.11709, -0.00508], [118.12684, -7e-05], [118.12696, 0.01157], [118.11916, 0.01825], [118.10378, 0.01889], [118.07692, 0.0179], [118.06203, 0.03262], [118.06708, 0.04172], [118.07809, 0.04341], [118.08803, 0.03024], [118.08559, -0.03377], [118.09075, -0.05675], [118.10556, -0.04952], [118.04665, 0.03957], [118.03273, 0.0419], [117.98644, 0.00034], [117.97779, -0.00718], [117.96371, -0.00924], [117.91854, -0.00338], [117.85578, 0.00278], [117.84339, 0.00596], [117.83397, 0.00963], [117.8158, 0.01954], [117.80741, 0.0251], [117.79205, 0.03943], [117.77179, 0.04383], [117.75641, 0.03274], [117.71797, 0.01336], [117.6722, 0.0062], [117.65101, 0.00505], [117.64046, 0.00711], [117.62441, 0.01365], [117.59167, 0.0312], [117.57448, 0.03952], [117.56494, 0.04574], [117.55688, 0.05312], [117.54737, 0.06982], [117.53909, 0.07765], [117.52061, 0.09244], [117.51068, 0.0947], [117.49814, 0.09398], [117.48619, 0.09464], [117.49726, 0.09452], [117.51664, 0.09356], [117.52581, 0.0881], [117.54209, 0.07596], [117.5513, 0.0615], [117.55926, 0.05351], [117.57105, 0.04487], [117.60213, 0.03562], [117.75199, 0.01444], [117.78465, 0.00858], [117.87389, -0.00872], [117.99257, -0.03286], [118.00343, -0.0489], [118.01079, -0.07898], [118.02331, -0.13125], [118.06173, -0.31356], [118.0675, -0.36082], [118.07236, -0.45938], [118.07826, -0.49203], [118.15804, -0.73585], [118.21629, -0.97837], [118.22695, -1.02719], [118.28563, -1.28028], [118.33919, -1.51978], [118.39642, -1.76511], [118.4411, -1.97116], [118.44537, -1.98203], [118.46789, -2.07537], [118.49338, -2.20135], [118.53287, -2.35936], [118.58619, -2.60367], [118.58709, -2.62169], [118.58578, -2.63236], [118.57021, -2.69545], [118.58905, -2.9534], [118.59924, -3.15032], [118.59071, -3.28732], [118.58881, -3.44802], [118.58908, -3.48405], [118.43573, -3.80253], [118.33794, -3.92716], [118.32461, -3.9417], [118.17902, -4.13321], [118.13347, -4.20019], [117.98493, -4.37337], [117.82695, -4.57569], [117.67877, -4.75707], [117.52568, -4.96089], [117.14311, -5.43637], [117.03535, -5.56808], [116.83344, -5.91819], [116.74894, -6.15683], [116.6486, -6.4601], [116.61444, -6.57774], [116.52884, -6.83672], [116.47484, -7.02481], [116.40939, -7.49596], [116.42532, -7.56649], [116.43844, -7.6078], [116.45727, -7.64146], [116.47912, -7.76418], [116.53623, -7.9882], [116.56344, -8.07479], [116.56669, -8.0876], [116.55372, -8.09673], [116.54149, -8.09434], [116.52084, -8.08913], [116.39648, -8.04598], [116.3853, -8.04018], [116.3745, -8.03496], [116.35959, -8.03133], [116.31785, -8.0511], [116.28082, -8.06713], [116.27034, -8.07062], [116.23234, -8.0867], [116.19911, -8.10397], [116.06843, -8.14746], [116.05627, -8.14774], [116.04797, -8.14089], [116.05285, -8.12725], [116.13865, -8.10744], [116.2493, -8.07313], [116.28691, -8.06491], [116.3507, -8.05669], [116.44195, -8.03835], [116.46018, -8.03258], [116.5675, -7.98918], [116.57425, -7.97996], [116.56984, -7.96968], [116.33942, -8.04205], [116.28409, -8.05982], [116.2668, -8.06307], [116.23932, -8.07154], [116.16808, -8.08706], [116.16398, -8.1032], [116.20864, -8.10563], [116.22004, -8.10473], [116.25961, -8.08512], [116.42826, -8.0182], [116.47507, -8.01225], [116.54439, -8.00465], [116.55357, -7.99977], [116.54727, -7.99181], [116.47982, -7.99492], [116.44613, -8.00068], [116.43297, -8.00196], [116.42249, -8.00561], [116.3212, -8.01925], [116.24178, -8.0248], [116.05183, -8.05432], [116.04746, -8.07034], [116.06083, -8.07414], [116.07338, -8.07202], [116.11331, -8.06768], [116.15154, -8.06342], [116.1969, -8.05915], [116.2084, -8.0586], [116.23776, -8.05776], [116.48623, -8.05532], [116.59874, -8.05275], [116.61165, -8.06278], [116.59739, -8.06908], [116.40824, -8.0748], [116.20518, -8.0783], [116.12636, -8.07649], [115.96412, -8.07681], [115.96453, -8.09084], [116.16314, -8.01669], [116.22978, -7.9888], [116.35107, -7.92724], [116.48978, -7.8696], [116.50942, -7.87563], [116.51142, -7.88914], [116.50538, -7.89831], [116.49647, -7.90639], [116.47167, -7.92625], [116.48009, -7.91983], [116.46152, -7.93388], [116.43645, -7.95242], [116.4171, -7.96556], [116.34997, -8.00313], [116.32728, -8.01316], [116.30786, -8.0193], [116.27983, -8.02628], [116.25885, -8.02997], [116.21019, -8.04631], [116.10729, -8.10137], [116.07971, -8.11602], [116.07838, -8.13352], [116.0913, -8.13356], [116.15882, -8.10885], [116.1737, -8.10328], [116.21569, -8.09023], [116.22595, -8.08586], [116.2543, -8.0712], [116.41901, -7.9844], [116.57895, -7.88954], [116.60923, -7.86971], [116.60853, -7.85587], [116.59616, -7.85718], [116.45064, -7.94815], [116.34806, -8.02272], [116.33641, -8.02875], [116.29098, -8.04992], [116.20296, -8.10288], [116.05097, -8.18524], [116.03446, -8.19147], [116.02416, -8.19193], [116.01556, -8.18636], [116.01547, -8.16914], [116.02589, -8.16249], [116.09461, -8.11828], [116.26846, -8.03517], [116.40379, -7.95428], [116.55314, -7.91016], [116.55929, -7.92467], [116.55018, -7.93125], [116.49118, -7.96301], [116.30823, -8.0571], [116.28788, -8.06736], [116.22107, -8.10617], [116.16565, -8.13292], [116.15566, -8.13216], [116.15723, -8.12227], [116.28566, -8.08467], [116.36497, -8.0518], [116.5184, -7.96277], [116.54632, -7.94653], [116.54602, -7.93633], [116.53497, -7.93558], [116.40386, -7.97827], [116.20395, -8.0565], [116.11257, -8.09158], [116.10112, -8.08592], [116.20103, -8.04599], [116.29554, -8.01112], [116.32791, -7.99658], [116.37775, -7.96662], [116.46888, -7.92655], [116.5706, -7.88964], [116.57597, -7.87951], [116.57056, -7.86999], [116.55782, -7.86775], [116.36725, -7.95873], [116.33666, -7.96992], [116.31579, -7.98087], [116.2454, -8.02554], [116.16387, -8.08812], [116.14852, -8.10149], [116.14048, -8.10861], [116.13376, -8.11663], [116.13402, -8.12677], [116.14001, -8.1376], [116.15234, -8.13936], [116.16437, -8.13574], [116.19272, -8.12666], [116.21713, -8.12144], [116.27213, -8.1046], [116.28959, -8.09935], [116.3335, -8.07896], [116.3443, -8.07393], [116.35616, -8.06708], [116.387, -8.04958], [116.39561, -8.04353], [116.4131, -8.03369], [116.45311, -8.02492], [116.46349, -8.02077], [116.54638, -7.97584], [116.55712, -7.96904], [116.56808, -7.96666], [116.56956, -7.98469], [116.54823, -7.99311], [116.51705, -8.00888], [116.48951, -8.02215], [116.47162, -8.03018], [116.44858, -8.03635], [116.4117, -8.04963], [116.37673, -8.05905], [116.34249, -8.06422], [116.32992, -8.0639], [116.28839, -8.05358], [116.23838, -8.05243], [116.1086, -8.06064], [116.09343, -8.04542], [116.10951, -8.03628], [116.22684, -8.03608], [116.32629, -8.04876], [116.33817, -8.05096], [116.40058, -8.05426], [116.40452, -8.06383], [116.39649, -8.0722], [116.38586, -8.07261], [116.35859, -8.06963], [116.21674, -8.0736], [116.01087, -8.07254], [115.87088, -8.07658], [115.86115, -8.08195], [115.85766, -8.09239], [115.84866, -8.16066], [115.86003, -8.17882], [115.87672, -8.1705], [115.88212, -8.14228], [115.88067, -8.13228], [115.87148, -8.12747], [115.86191, -8.1317], [115.85301, -8.1956], [115.85567, -8.2061], [115.86647, -8.21186], [115.87553, -8.20606], [115.87392, -8.1961], [115.85778, -8.1796], [115.84084, -8.16253], [115.83075, -8.15997], [115.82251, -8.16602], [115.81554, -8.19953], [115.81609, -8.20954], [115.84283, -8.27865], [115.84469, -8.28863], [115.84527, -8.29885], [115.84276, -8.31988], [115.8317, -8.3568], [115.77274, -8.50174], [115.73815, -8.57608], [115.72662, -8.63655], [115.72229, -8.64561], [115.71281, -8.65379], [115.70243, -8.65694], [115.6919, -8.65527], [115.6738, -8.64294], [115.60935, -8.5907], [115.5992, -8.58735], [115.58652, -8.59306], [115.53584, -8.63338], [115.52602, -8.6365], [115.51528, -8.62843], [115.50649, -8.61372], [115.49912, -8.60512], [115.48855, -8.59453], [115.47874, -8.58932], [115.46864, -8.59194], [115.43872, -8.61056], [115.36299, -8.65516], [115.35406, -8.66318], [115.33528, -8.68322], [115.30796, -8.71368], [115.30017, -8.72051], [115.27748, -8.73215], [115.26305, -8.73752], [115.25315, -8.74243], [115.23697, -8.75449], [115.22673, -8.75426], [115.21588, -8.74954], [115.23031, -8.75499], [115.24791, -8.74571], [115.258, -8.74019], [115.27225, -8.73375], [115.28792, -8.72777], [115.30302, -8.71946], [115.31531, -8.70875], [115.3275, -8.69694], [115.36737, -8.66059], [115.39324, -8.6398], [115.40219, -8.63454], [115.42001, -8.62935], [115.44336, -8.62631], [115.52857, -8.62279], [115.55687, -8.61434], [115.58541, -8.60716], [115.64053, -8.60521], [115.65068, -8.60562], [115.74565, -8.61507], [115.75648, -8.61246], [115.7937, -8.59473], [115.80226, -8.58576], [115.85834, -8.44831], [115.91248, -8.29368], [116.01042, -8.09146], [116.10846, -7.88119], [116.21273, -7.66984], [116.31334, -7.45963], [116.36578, -7.34914], [116.38269, -7.30139], [116.46106, -7.06506], [116.51883, -6.87978], [116.59939, -6.63851], [116.67046, -6.42194], [116.73776, -6.20463], [116.81043, -5.98732], [116.86105, -5.83042], [116.92766, -5.70522], [117.04063, -5.56766], [117.08551, -5.49083], [117.16199, -5.38505], [117.2972, -5.23385], [117.36632, -5.15548], [117.88171, -4.5031], [118.01303, -4.33901], [118.12672, -4.19865], [118.15749, -4.15387], [118.21473, -4.07832], [118.22382, -4.06804], [118.24359, -4.04933], [118.2619, -4.02922], [118.33665, -3.93222], [118.4778, -3.74951], [118.54861, -3.66111], [118.58649, -3.61227], [118.59265, -3.59861], [118.58795, -3.5253], [118.5923, -3.34813], [118.59041, -3.25284], [118.58788, -3.23705], [118.57034, -3.1628], [118.56816, -3.15067], [118.56709, -3.13447], [118.56758, -3.08635], [118.56976, -3.06649], [118.57634, -3.0081], [118.57008, -2.94577], [118.57283, -2.91514], [118.58606, -2.85493], [118.58841, -2.80147], [118.55557, -2.48825], [118.39931, -1.78061], [118.35371, -1.58384], [118.31129, -1.39516], [118.26673, -1.20475], [118.2246, -1.01463], [118.18161, -0.83565], [118.15346, -0.71624], [118.14566, -0.67114], [118.10161, -0.62889], [118.08947, -0.62308], [118.07759, -0.61835], [118.07138, -0.61006], [118.06238, -0.58097], [118.02132, -0.49932], [118.01938, -0.4811], [118.01969, -0.45583], [118.03177, -0.33686], [118.03231, -0.31726], [118.02497, -0.19523], [118.02545, -0.18305], [118.01985, -0.12451], [118.00377, -0.04724], [118.00877, -0.03529], [118.02025, -0.03294], [118.08369, -0.03336], [118.09816, -0.03368], [118.13121, -0.036], [118.20551, -0.03637], [118.3891, -0.04073], [118.41722, -0.04244], [118.42567, -0.05703], [118.41849, -0.06402], [118.38605, -0.06337], [118.24326, -0.05266], [118.12703, -0.0471], [118.0867, -0.04489], [118.07614, -0.04344], [118.07046, -0.03483], [118.07798, -0.02691], [118.17349, -0.03321], [118.30283, -0.04217], [118.31242, -0.02559], [118.30121, -0.01945], [118.22049, -0.01703], [118.17641, -0.01545], [118.12334, -0.01356], [118.0939, -0.01266], [118.07486, -0.01318], [118.03765, -0.02307], [118.02371, -0.02689], [118.01316, -0.02945], [118.00304, -0.02227], [118.00078, 0.02204], [117.99564, 0.03259], [117.98368, 0.03478], [117.93492, 0.02485], [117.94483, 0.02692], [117.84229, 0.00609], [117.8314, 0.00745], [117.7848, 0.05776], [117.77429, 0.06231], [117.74619, 0.05157], [117.67753, 0.02499], [117.66544, 0.02304], [117.61625, 0.02644], [117.60064, 0.02893], [117.59003, 0.03286], [117.58094, 0.03705], [117.56598, 0.04641], [117.55682, 0.05436], [117.54535, 0.07216], [117.52509, 0.08887], [117.50776, 0.09397], [117.49623, 0.09398], [117.48264, 0.09508], [117.49397, 0.0947], [117.51469, 0.09374], [117.54081, 0.07691], [117.54781, 0.06735], [117.56704, 0.04675], [117.57655, 0.0426], [117.59168, 0.03846], [117.82296, -0.0025], [117.84475, -0.00601], [117.99002, -0.03282], [117.99911, -0.0374], [118.00527, -0.05591], [118.04062, -0.20683], [118.04561, -0.2245], [118.10317, -0.48642], [118.11988, -0.57175], [118.13268, -0.67048], [118.16194, -0.77815], [118.19591, -0.97011], [118.25771, -1.16141], [118.31305, -1.40982], [118.37038, -1.65347], [118.49004, -2.18731], [118.49852, -2.22056], [118.51324, -2.25612], [118.57012, -2.52394], [118.58975, -2.62537], [118.59131, -2.71521], [118.58517, -3.06847], [118.58767, -3.1286], [118.58637, -3.14698], [118.58191, -3.1847], [118.57989, -3.24273], [118.58876, -3.30754], [118.58993, -3.38233], [118.58747, -3.58803], [118.58289, -3.61827], [118.50455, -3.71692], [118.46551, -3.77537], [118.32264, -3.94692], [118.23001, -4.06245], [118.22166, -4.07452], [118.21214, -4.09043], [118.20582, -4.09946], [118.19334, -4.11671], [118.17386, -4.15019], [118.05009, -4.29003], [117.89324, -4.48953], [117.7409, -4.68306], [117.32864, -5.20254], [117.09951, -5.45596], [116.9525, -5.62445], [116.93583, -5.64982], [116.92174, -5.67624], [116.87494, -5.78131], [116.8281, -5.918], [116.7586, -6.14917], [116.67489, -6.40359], [116.65213, -6.46949], [116.63805, -6.49761], [116.61659, -6.55674], [116.54636, -6.803], [116.46139, -7.0547], [116.41495, -7.19313], [116.37377, -7.34526], [116.37172, -7.359], [116.43825, -7.62629], [116.51036, -7.88774], [116.51462, -7.90223], [116.5296, -7.94667], [116.53578, -7.9899], [116.54092, -8.01471], [116.53571, -8.03022], [116.44008, -8.03182], [116.20189, -8.01704], [116.07597, -8.01154], [116.06013, -8.00882], [116.05155, -7.99726], [116.05529, -7.98593], [116.0793, -7.98313], [116.23765, -7.98271], [116.36753, -7.97436], [116.51847, -7.95085], [116.53247, -7.95212], [116.5405, -7.96101], [116.53998, -7.97238], [116.5306, -7.97967], [116.34459, -8.01686], [116.18855, -8.03378], [116.17994, -8.02765], [116.18304, -8.01758], [116.19592, -8.01516], [116.41905, -8.00327], [116.44077, -8.00282], [116.45412, -8.00172], [116.54151, -7.98768], [116.54605, -7.97278], [116.40993, -8.00372], [116.26694, -8.02522], [116.25968, -8.03471], [116.26903, -8.04146], [116.2947, -8.03347], [116.34216, -8.01513], [116.3547, -8.00919], [116.5392, -7.91276], [116.54703, -7.9051], [116.54589, -7.89269], [116.53075, -7.89249], [116.35783, -7.96498], [116.18918, -8.03836], [116.06851, -8.08821], [116.05657, -8.0897], [116.04689, -8.07464], [116.06787, -8.06498], [116.24798, -8.01201], [116.43273, -7.95873], [116.44958, -7.95386], [116.44382, -7.93886], [116.27189, -8.03074], [116.10068, -8.11047], [116.07515, -8.12175], [116.06367, -8.1218], [116.06193, -8.10958], [116.07196, -8.10508], [116.11755, -8.09221], [116.17681, -8.0858], [116.22782, -8.07493], [116.41354, -7.99561], [116.44268, -7.98272], [116.58005, -7.89547], [116.58335, -7.8829], [116.55763, -7.87764], [116.40494, -7.93912], [116.39476, -7.94255], [116.33759, -7.95887], [116.25347, -7.99698], [116.22504, -8.00379], [116.20846, -8.00903], [116.19818, -8.01412], [116.16611, -8.03914], [116.03256, -8.19262], [116.02446, -8.20162], [115.98282, -8.22133], [115.96461, -8.21744], [115.96427, -8.19945], [116.13103, -8.12378], [116.14099, -8.11934], [116.14643, -8.10935], [116.13915, -8.10187], [116.12949, -8.10693], [116.13232, -8.1176], [116.14236, -8.11787], [116.15366, -8.1089], [116.16235, -8.10307], [116.28717, -8.03737], [116.31939, -8.02258], [116.38309, -7.98759], [116.48919, -7.94055], [116.58049, -7.90842], [116.64795, -7.87787], [116.64847, -7.86198], [116.63581, -7.8639], [116.45708, -7.89945], [116.42217, -7.90637], [116.35967, -7.9149], [116.24223, -7.92688], [116.20183, -7.93206], [116.16289, -7.95172], [116.05507, -8.01623], [116.04981, -8.02853], [116.05752, -8.03772], [116.17319, -8.02363], [116.25356, -8.00908], [116.44467, -7.96955], [116.51614, -7.95469], [116.52724, -7.96059], [116.52504, -7.97205], [116.51445, -7.97741], [116.46393, -7.99779], [116.45356, -8.00109], [116.36098, -8.02142], [116.25465, -8.05592], [116.24143, -8.06077], [116.16637, -8.08844], [116.15598, -8.08495], [116.2164, -8.05479], [116.29086, -8.02023], [116.38354, -7.97697], [116.39762, -7.97627], [116.54391, -7.98565], [116.54938, -7.9747], [116.53931, -7.97276], [116.45051, -7.99268], [116.37616, -7.99675], [116.3544, -8.00544], [116.34389, -8.011], [116.27508, -8.0541], [116.13945, -8.15765], [116.12267, -8.15658], [116.12653, -8.14685], [116.2652, -8.0955], [116.3937, -8.03474], [116.44672, -8.01013], [116.45249, -8.00112], [116.44622, -7.99112], [116.38313, -8.01414], [116.25898, -8.06218], [116.26979, -8.0579], [116.24828, -8.06643], [116.22094, -8.07694], [116.19241, -8.08873], [116.18161, -8.09345], [116.1697, -8.09843], [116.1593, -8.08572], [116.26891, -8.06095], [116.4449, -8.01267], [116.50961, -7.99521], [116.52134, -7.99071], [116.53037, -7.98629], [116.54802, -7.97585], [116.54336, -7.96068], [116.48877, -7.98405], [116.31302, -8.05784], [116.13549, -8.118], [116.1224, -8.11518], [116.1179, -8.10465], [116.12691, -8.0634], [116.13193, -8.05264], [116.16233, -8.00889], [116.21416, -7.95959], [116.24308, -7.94229], [116.25387, -7.94221], [116.31792, -7.94565], [116.3948, -7.94216], [116.47401, -7.93225], [116.52328, -7.93307], [116.61808, -7.93456], [116.66836, -7.93565], [116.68128, -7.94463], [116.66504, -7.95935], [116.63699, -7.96828], [116.44553, -8.00077], [116.23752, -8.03926], [116.21046, -8.0444], [116.16581, -8.06474], [116.16236, -8.07474], [116.17373, -8.07637], [116.19357, -8.06626], [116.35913, -7.99632], [116.48911, -7.94352], [116.48083, -7.93287], [116.29794, -8.01121], [116.28892, -8.01651], [116.20174, -8.10579], [116.19272, -8.11148], [116.00431, -8.21155], [115.92113, -8.24745], [115.86243, -8.27533], [115.84913, -8.30569], [115.83679, -8.33999], [115.83254, -8.35332], [115.82428, -8.37784], [115.8042, -8.4568], [115.8006, -8.46749], [115.77431, -8.51808], [115.71687, -8.61304], [115.70678, -8.6189], [115.69583, -8.62128], [115.67239, -8.62328], [115.65986, -8.63725], [115.66388, -8.64672], [115.66773, -8.63663], [115.61569, -8.5723], [115.60523, -8.5696], [115.57962, -8.57817], [115.56847, -8.59276], [115.5566, -8.60661], [115.52964, -8.61138], [115.51565, -8.60028], [115.5002, -8.59017], [115.4077, -8.62739], [115.39678, -8.6315], [115.38747, -8.636], [115.37776, -8.64182], [115.36603, -8.65082], [115.35804, -8.65833], [115.32861, -8.68992], [115.32298, -8.69872], [115.31921, -8.70838], [115.30352, -8.72026], [115.28484, -8.72848], [115.27591, -8.73346], [115.26628, -8.73688], [115.25144, -8.74292], [115.24295, -8.74941], [115.22547, -8.75355], [115.21347, -8.74874], [115.2303, -8.75546], [115.24757, -8.74595], [115.27091, -8.73444], [115.29054, -8.72733], [115.29954, -8.72092], [115.31147, -8.70862], [115.3471, -8.67864], [115.35992, -8.66994], [115.3869, -8.64858], [115.40916, -8.62804], [115.41949, -8.62552], [115.46522, -8.62332], [115.57483, -8.61478], [115.72948, -8.61845], [115.79213, -8.61451], [115.86771, -8.40995], [115.9058, -8.31114], [116.00048, -8.11046], [116.1034, -7.89463], [116.22338, -7.64641], [116.33217, -7.46009], [116.5809, -6.6852]], [[118.35911, -1.6066], [118.34887, -1.56873], [118.34627, -1.53634], [118.34861, -1.37821], [118.34888, -1.32016], [118.34109, -1.26626], [118.3389, -1.25601], [118.28866, -1.14297], [118.24693, -1.05795], [118.22743, -0.96688], [118.22176, -0.95059], [118.21029, -0.92307], [118.20689, -0.91352], [118.16894, -0.77897], [118.1453, -0.69442], [118.13925, -0.6538], [118.10648, -0.49993], [118.06861, -0.34097], [118.03213, -0.1746], [117.9959, 0.00813], [118.00644, 0.01522], [118.3822, -0.01458], [118.42194, -0.04383], [118.39852, -0.04443], [118.26162, -0.03574], [118.12148, -0.0081], [117.9377, -0.01399], [117.92417, -0.02659], [117.9282, -0.04067], [117.93721, -0.04536], [117.97071, -0.04602], [118.01567, -0.02269], [117.897, -0.00277], [117.74083, 0.0117], [117.72733, 0.01169], [117.66296, 0.00831], [117.64917, 0.00457], [117.63524, 0.00814], [117.62109, 0.01826], [117.58958, 0.03266], [117.56941, 0.04298], [117.55872, 0.05196], [117.54691, 0.06979], [117.52273, 0.09059], [117.51309, 0.09326], [117.4979, 0.09307], [117.48007, 0.09762], [117.49244, 0.09521], [117.50258, 0.09449], [117.5148, 0.09435], [117.53862, 0.07917], [117.54541, 0.07141], [117.55085, 0.06243], [117.55964, 0.05378], [117.5674, 0.04741], [117.64741, 0.02862], [117.66667, 0.02286], [117.92853, -0.02505], [117.98739, -0.03754], [117.99622, -0.04231], [118.00749, -0.06965], [118.02436, -0.12817], [118.05515, -0.29078], [118.08502, -0.43645], [118.09259, -0.48406], [118.13633, -0.63585], [118.14986, -0.71128], [118.15657, -0.79658], [118.16429, -0.84673], [118.58104, -2.69199], [118.5813, -2.71166], [117.86889, -4.5178], [117.63608, -4.80037], [116.92319, -5.7168], [116.80709, -5.97917], [116.71792, -6.26801], [116.60646, -6.60465], [116.41714, -7.19082], [116.38514, -7.42441], [116.4684, -7.72463], [116.52641, -7.94525], [116.55176, -8.03803], [116.55157, -8.04861], [116.54266, -8.05833], [116.53091, -8.05989], [116.40492, -8.04926], [116.35739, -8.05762], [116.31028, -8.07076], [116.08319, -8.17275], [115.98116, -8.22626], [115.97738, -8.24369], [115.99686, -8.24614], [116.0412, -8.22376], [116.13029, -8.16509], [116.28931, -8.04001], [116.34113, -7.99402], [116.35635, -7.97809], [116.35201, -7.96201], [116.34069, -7.96323], [116.16349, -8.04944], [116.08192, -8.08425], [115.99511, -8.13155], [115.99019, -8.14182], [115.99754, -8.14939], [116.00772, -8.14508], [116.01817, -8.13324], [116.04123, -8.11079], [116.12217, -8.06376], [116.19697, -8.01758], [116.3779, -7.95954], [116.47346, -7.92432], [116.54727, -7.90298], [116.55706, -7.90076], [116.5656, -7.90738], [116.55848, -7.92303], [116.51461, -7.96318], [116.50732, -7.97099], [116.48523, -7.98597], [116.46574, -7.99472], [116.45212, -7.9989], [116.4159, -8.00585], [116.30395, -8.04041], [116.18598, -8.0877], [116.15475, -8.09776], [116.09427, -8.12232], [116.04533, -8.1345], [116.03552, -8.12015], [116.21843, -8.02248], [116.37556, -7.94403], [116.41587, -7.92854], [116.47153, -7.90315], [116.4863, -7.89888], [116.4936, -7.91109], [116.31244, -8.00155], [116.22118, -8.04691], [116.19832, -8.05611], [116.15799, -8.07511], [116.13917, -8.08454], [116.12599, -8.0763], [116.13517, -8.07008], [116.20448, -8.03413], [116.38993, -7.96171], [116.44545, -7.93874], [116.61102, -7.88183], [116.61063, -7.86491], [116.54024, -7.87767], [116.44084, -7.90531], [116.33, -7.94872], [116.21157, -8.00342], [116.20329, -8.01057], [116.16648, -8.0497], [116.15741, -8.05917], [116.09545, -8.13867], [116.06839, -8.17112], [116.06047, -8.18758], [116.06806, -8.19425], [116.07826, -8.19295], [116.27115, -8.10641], [116.41665, -8.03991], [116.51091, -7.98868], [116.51269, -7.97317], [116.50029, -7.9756], [116.32401, -8.0361], [116.26872, -8.05361], [116.20715, -8.08002], [116.1785, -8.08877], [116.13947, -8.10457], [116.13388, -8.11303], [116.14783, -8.12136], [116.25756, -8.07323], [116.43959, -7.98039], [116.46955, -7.96697], [116.51727, -7.95349], [116.52546, -7.94498], [116.52214, -7.9257], [116.51171, -7.92226], [116.49377, -7.92834], [116.32149, -8.00241], [116.26403, -8.02871], [116.09023, -8.12118], [116.05522, -8.142], [116.04905, -8.15086], [116.06473, -8.15859], [116.25545, -8.07651], [116.27737, -8.06803], [116.28929, -8.06445], [116.32609, -8.05667], [116.36275, -8.05478], [116.3691, -8.06295], [116.36081, -8.07145], [116.24793, -8.12208], [116.23628, -8.12802], [116.05936, -8.19275], [115.88074, -8.25958], [115.8691, -8.26404], [115.86067, -8.2699], [115.85531, -8.27902], [115.83213, -8.32879], [115.82219, -8.35531], [115.80362, -8.4033], [115.80002, -8.4138], [115.78745, -8.45293], [115.78007, -8.47299], [115.76071, -8.5187], [115.75576, -8.52938], [115.73649, -8.57934], [115.72587, -8.60936], [115.70789, -8.61801], [115.67083, -8.61875], [115.6506, -8.62325], [115.64413, -8.66215], [115.64402, -8.68493], [115.65623, -8.69844], [115.66187, -8.68239], [115.65962, -8.67053], [115.65646, -8.64325], [115.65293, -8.63254], [115.64164, -8.61673], [115.62594, -8.6087], [115.61405, -8.60719], [115.58413, -8.61074], [115.57437, -8.61475], [115.53672, -8.63603], [115.5184, -8.63201], [115.51101, -8.62069], [115.50633, -8.61087], [115.50231, -8.601], [115.49454, -8.59382], [115.48231, -8.59391], [115.41254, -8.62279], [115.39948, -8.62771], [115.3914, -8.63369], [115.38201, -8.64331], [115.37256, -8.65261], [115.35686, -8.66568], [115.33579, -8.68265], [115.30229, -8.71842], [115.294, -8.72546], [115.27528, -8.7335], [115.26456, -8.73746], [115.25402, -8.74089], [115.24578, -8.74686], [115.23741, -8.75432], [115.22696, -8.75414], [115.21514, -8.74972], [115.23292, -8.75573], [115.24192, -8.7508], [115.2507, -8.74418], [115.26196, -8.7375], [115.27129, -8.73216], [115.2952, -8.7234], [115.31389, -8.70653], [115.37083, -8.6573], [115.38186, -8.64972], [115.39097, -8.64452], [115.40077, -8.6406], [115.42258, -8.62313], [115.43782, -8.61647], [115.47246, -8.60579], [115.48297, -8.60436], [115.50395, -8.60502], [115.55461, -8.60476], [115.57457, -8.60797], [115.61101, -8.61307], [115.66446, -8.61928], [115.67524, -8.62164], [115.68772, -8.6213], [115.71728, -8.61874], [115.72783, -8.61772], [115.74853, -8.611], [115.76568, -8.60592], [115.77639, -8.60307], [115.79686, -8.59637], [115.80808, -8.56915], [115.82772, -8.51685], [115.83652, -8.49846], [115.84432, -8.47339], [115.8881, -8.3511], [115.90402, -8.30818], [115.9824, -8.14748], [116.05688, -7.99136], [116.13076, -7.83292], [116.21217, -7.67875], [116.2808, -7.5319], [116.6076, -6.61111], [116.83418, -5.92098]], [[118.29314, -1.32628], [118.05931, -0.30121], [118.02141, -0.17092], [117.9568, -0.0671], [117.93612, -0.04217], [117.92712, -0.03494], [117.903, -0.02738], [117.72962, 0.0143], [117.66486, 0.01852], [117.64629, 0.01551], [117.64086, 0.0067], [117.63452, 0.02255], [117.60695, 0.02677], [117.57864, 0.04003], [117.5594, 0.05207], [117.55307, 0.06005], [117.54811, 0.06899], [117.51894, 0.09336], [117.49735, 0.09406], [117.48014, 0.09766], [117.49369, 0.09492], [117.51621, 0.09423], [117.54138, 0.07673], [117.54781, 0.06779], [117.55979, 0.05329], [117.57591, 0.04422], [117.59094, 0.04416], [117.61924, 0.04773], [117.63194, 0.04768], [117.64505, 0.04655], [117.87866, -0.00135], [117.96467, -0.01971], [117.97609, -0.02778], [118.00007, -0.06135], [118.00916, -0.07568], [118.01987, -0.11464], [118.04033, -0.21609], [118.04609, -0.23474], [118.09995, -0.32615], [118.1039, -0.33564], [118.1353, -0.43223], [118.1404, -0.45291], [118.14172, -0.46448], [118.15339, -0.6382], [118.17106, -0.75247], [118.28705, -1.12404], [118.29468, -1.14478], [118.30183, -1.17344], [118.33832, -1.48935], [118.60052, -2.8832], [118.59987, -2.921], [118.59019, -2.97955], [118.58886, -3.37826], [118.48126, -3.7322], [118.13707, -4.18005], [117.91988, -4.45639], [117.34124, -5.19097], [117.12785, -5.43641], [117.00051, -5.59627], [116.68326, -6.30327], [116.63587, -6.43475], [116.61552, -6.5601], [116.53358, -6.84391], [116.50659, -6.92069], [116.44552, -7.64099], [116.50569, -7.87178], [116.53102, -7.97822], [116.53083, -7.98824], [116.51662, -8.00239], [116.46417, -8.02929], [116.23962, -8.12123], [116.14127, -8.15656], [116.02124, -8.1911], [116.01294, -8.19787], [116.02295, -8.21436], [116.08826, -8.1882], [116.12098, -8.17261], [116.22456, -8.11398], [116.2675, -8.08399], [116.2857, -8.07406], [116.34399, -8.04656], [116.36401, -8.03549], [116.41338, -8.00138], [116.52946, -7.93741], [116.53987, -7.92692], [116.53836, -7.91568], [116.34123, -7.9157], [116.27551, -7.91681], [116.24086, -7.92137], [116.14108, -8.06558], [116.12162, -8.09991], [116.12257, -8.11035], [116.13143, -8.11625], [116.14207, -8.11513], [116.28046, -8.05116], [116.35874, -8.01134], [116.53982, -7.92973], [116.57611, -7.91264], [116.57764, -7.90142], [116.39819, -7.98774], [116.24992, -8.06564], [116.1613, -8.10196], [116.10591, -8.12897], [116.09608, -8.11641], [116.10507, -8.11154], [116.22842, -8.06741], [116.24398, -8.06109], [116.43416, -8.00226], [116.51049, -7.97099], [116.522, -7.96897], [116.52902, -7.97685], [116.52495, -7.98624], [116.45334, -8.02052], [116.39071, -8.0442], [116.26637, -8.09421], [116.24635, -8.10473], [116.16795, -8.1299], [116.09837, -8.15532], [116.02173, -8.1884], [116.01529, -8.19646], [116.03118, -8.20265], [116.11366, -8.1711], [116.15619, -8.13897], [116.17374, -8.12781], [116.33773, -8.06001], [116.353, -8.05234], [116.53206, -7.94078], [116.56912, -7.91611], [116.582, -7.90554], [116.58512, -7.89533], [116.57958, -7.88684], [116.56953, -7.88448], [116.51345, -7.90958], [116.34661, -8.00385], [116.31983, -8.02091], [116.22084, -8.10078], [116.21143, -8.10585], [116.1141, -8.15014], [116.08973, -8.16369], [116.06119, -8.17601], [116.04388, -8.16988], [116.05196, -8.15346], [116.08842, -8.13582], [116.11045, -8.12191], [116.18261, -8.08103], [116.23128, -8.05724], [116.28501, -8.03575], [116.32715, -8.01384], [116.3371, -8.01266], [116.4029, -8.01426], [116.41464, -8.01625], [116.48837, -8.01686], [116.50148, -8.01004], [116.58037, -7.95987], [116.58596, -7.95064], [116.5836, -7.94053], [116.56512, -7.93725], [116.39522, -8.00456], [116.38698, -8.01675], [116.39853, -8.03313], [116.52786, -8.06372], [116.54084, -8.06507], [116.62097, -8.06438], [116.63277, -8.04864], [116.6343, -8.00962], [116.63234, -7.99353], [116.62533, -7.98501], [116.61506, -7.98451], [116.59278, -7.98559], [116.51813, -7.97895], [116.34592, -7.98545], [116.33588, -7.98875], [116.31571, -7.99659], [116.30327, -8.00017], [116.2732, -7.98096], [116.2636, -7.97738], [116.25199, -7.97758], [116.20777, -7.99463], [116.20314, -8.05366], [116.19921, -8.06367], [115.99464, -8.07117], [115.87273, -8.07629], [115.8619, -8.07247], [115.85846, -8.06307], [115.86611, -8.0539], [115.87983, -8.06491], [115.87302, -8.11184], [115.88795, -8.12047], [115.88395, -8.10356], [115.87297, -8.10467], [115.86484, -8.12179], [115.86392, -8.13846], [115.85774, -8.2066], [115.8714, -8.21222], [115.87193, -8.17228], [115.86366, -8.16484], [115.85682, -8.17261], [115.84127, -8.27864], [115.82025, -8.36565], [115.75815, -8.52773], [115.72724, -8.6083], [115.72156, -8.61697], [115.71301, -8.62219], [115.6784, -8.62315], [115.66833, -8.61903], [115.67767, -8.61418], [115.69278, -8.61273], [115.68712, -8.60207], [115.62759, -8.6054], [115.6137, -8.59361], [115.61893, -8.60505], [115.60823, -8.60981], [115.55641, -8.61833], [115.5028, -8.62095], [115.43779, -8.61974], [115.42783, -8.61646], [115.41496, -8.6099], [115.39651, -8.61643], [115.36434, -8.65202], [115.35598, -8.6625], [115.34618, -8.67209], [115.33676, -8.68213], [115.3211, -8.69831], [115.31345, -8.70701], [115.30778, -8.71529], [115.29886, -8.72159], [115.28958, -8.72624], [115.27736, -8.73074], [115.26838, -8.73525], [115.24984, -8.74418], [115.23562, -8.75516], [115.22481, -8.75324], [115.21343, -8.74868], [115.23032, -8.75542], [115.24022, -8.75187], [115.25705, -8.73915], [115.2707, -8.73321], [115.29655, -8.72543], [115.32752, -8.7101], [115.34307, -8.69541], [115.35429, -8.67598], [115.3656, -8.66154], [115.38323, -8.6439], [115.40571, -8.62615], [115.50768, -8.62192], [115.57277, -8.61828], [115.59986, -8.61933], [115.72432, -8.63285], [115.73481, -8.62924], [115.8048, -8.57525], [115.80943, -8.56466], [115.86565, -8.39318], [115.95884, -8.19966], [116.05801, -7.99155], [116.1803, -7.73144], [116.27554, -7.54238]], [[117.6618, -4.78938], [118.59305, -3.5615]], [[118.28417, -1.27992], [118.26546, -1.20969], [118.19941, -1.01386], [118.14434, -0.85546], [118.13129, -0.78828], [118.1305, -0.77769], [118.12982, -0.63927], [118.09221, -0.42827], [118.06882, -0.32479], [118.0323, -0.20228], [118.05802, -0.02002], [118.11889, 0.02436], [118.12842, 0.00856], [118.037, 0.01077], [118.02747, 0.01474], [118.02667, 0.02546], [118.03858, 0.03019], [118.13617, 0.03395], [118.22266, 0.04274], [118.44492, 0.04725], [118.46527, 0.04733], [118.47853, 0.02982], [118.46285, 0.02659], [118.26746, 0.02461], [118.21669, 0.0263], [118.20683, 0.02999], [118.20259, 0.03942], [118.2063, 0.04923], [118.21585, 0.0535], [118.30468, 0.05529], [118.19545, 0.01608], [117.98709, 0.01108], [117.98259, 0.00055], [118.27259, 0.00576], [117.87708, 0.01972], [117.84615, 0.01967], [117.74381, 0.01447], [117.65067, 0.01614], [117.63287, 0.01253], [117.62884, 0.02336], [117.61943, 0.02751], [117.59155, 0.03073], [117.58291, 0.03586], [117.55635, 0.05549], [117.55058, 0.06393], [117.54501, 0.07295], [117.52174, 0.09173], [117.51107, 0.09397], [117.49618, 0.09398], [117.4834, 0.09489], [117.51659, 0.09403], [117.52671, 0.08759], [117.54119, 0.07705], [117.55209, 0.06052], [117.55903, 0.05282], [117.58455, 0.04125], [117.65704, 0.02499], [117.87456, -0.0092], [117.92604, -0.02107], [117.9406, -0.02779], [117.97644, -0.05177], [117.98324, -0.06093], [118.00633, -0.10316], [118.00972, -0.11262], [118.01335, -0.19937], [118.03307, -0.34238], [118.09852, -0.55869], [118.12392, -0.79171], [118.12754, -0.84013], [118.20072, -1.07023], [118.26995, -1.29857], [118.33609, -1.53445], [118.3912, -1.74787], [118.44843, -1.99732], [118.45659, -2.02854], [118.46771, -2.10972], [118.48649, -2.18937], [118.49142, -2.20622], [118.50462, -2.23645], [118.54514, -2.42048], [118.57317, -2.57723], [118.57854, -2.67693], [118.57751, -2.76274], [118.57892, -2.86717], [118.57823, -2.90766], [118.57966, -3.02986], [118.58155, -3.10607], [118.57954, -3.17068], [118.57957, -3.18552], [118.57895, -3.22328], [118.57899, -3.23988], [118.58598, -3.35728], [118.59246, -3.48895], [118.59283, -3.50837], [118.39234, -3.85099], [117.9607, -4.4059], [117.80569, -4.60119], [117.68759, -4.74951], [117.64398, -4.82151], [117.36878, -5.15455], [117.17137, -5.41644], [117.02504, -5.60173], [116.9551, -5.6904], [116.88212, -5.79304], [116.87596, -5.80827], [116.86249, -5.85638], [116.85711, -5.87155], [116.80228, -6.0131], [116.7105, -6.29632], [116.63954, -6.51325], [116.59841, -6.62014], [116.49851, -6.98748], [116.49368, -7.12537], [116.49367, -7.14252], [116.49461, -7.23442], [116.49062, -7.35116], [116.47598, -7.51986], [116.48108, -7.57961], [116.49028, -7.66993], [116.53466, -7.90947], [116.54586, -7.96304], [116.54506, -8.015], [116.5448, -8.05306], [116.54505, -8.08066], [116.53378, -8.09468], [116.52273, -8.09623], [116.444, -8.10251], [116.40502, -8.10335], [116.35704, -8.09142], [116.31056, -8.07342], [116.28788, -8.06726], [116.23729, -8.06734], [116.10935, -8.08047], [116.09235, -8.0843], [116.06208, -8.09471], [116.04873, -8.10063], [115.99637, -8.12446], [115.98904, -8.13209], [115.99941, -8.14666], [116.0096, -8.14371], [116.18156, -8.07571], [116.21696, -8.06159], [116.34238, -8.02326], [116.42694, -8.01156], [116.43071, -7.99768], [116.4194, -7.9982], [116.38898, -8.00757], [116.29671, -8.02585], [116.27623, -8.02873], [116.24061, -8.02792], [116.22212, -8.0353], [116.18714, -8.05526], [116.17592, -8.06045], [116.15401, -8.06669], [116.12188, -8.06904], [116.04729, -8.10864], [116.03738, -8.10487], [116.04329, -8.09613], [116.23947, -8.04112], [116.25314, -8.03879], [116.26995, -8.03535], [116.33647, -8.01331], [116.39742, -7.98789], [116.40173, -7.97176], [116.30377, -8.01732], [116.26052, -8.03577], [116.11005, -8.08398], [115.99199, -8.1128], [115.98062, -8.11052], [115.97378, -8.10206], [115.97487, -8.09182], [115.99307, -8.08964], [115.99319, -8.10737], [115.98426, -8.11293], [115.97349, -8.11251], [115.92476, -8.09444], [115.91397, -8.09215], [115.89794, -8.0914], [115.86162, -8.18872], [115.86224, -8.19947], [115.87246, -8.2013], [115.87762, -8.15295], [115.87286, -8.14396], [115.86318, -8.14138], [115.8561, -8.14916], [115.84744, -8.24569], [115.82615, -8.34379], [115.79563, -8.44374], [115.75422, -8.54825], [115.73863, -8.57695], [115.73033, -8.58948], [115.71368, -8.61092], [115.70344, -8.61631], [115.63332, -8.62097], [115.62504, -8.61522], [115.64695, -8.61449], [115.69385, -8.61699], [115.70051, -8.60923], [115.69128, -8.60387], [115.66867, -8.60412], [115.59787, -8.60809], [115.51198, -8.60945], [115.48561, -8.61191], [115.45663, -8.61741], [115.44204, -8.62161], [115.42204, -8.62215], [115.39319, -8.63702], [115.38437, -8.64344], [115.33914, -8.68148], [115.29767, -8.71898], [115.28857, -8.72577], [115.26947, -8.73511], [115.25978, -8.73892], [115.25084, -8.74354], [115.24244, -8.74963], [115.22499, -8.75324], [115.21078, -8.74707], [115.2256, -8.7533], [115.24671, -8.74668], [115.25966, -8.75306], [115.27636, -8.74587], [115.29117, -8.72992], [115.39222, -8.64156], [115.40623, -8.62715], [115.41768, -8.62386], [115.6355, -8.61409], [115.67602, -8.61009], [115.79201, -8.59713], [115.82874, -8.50584], [115.9176, -8.28383], [115.98631, -8.1448], [116.08401, -7.93505], [116.09696, -7.90918], [116.11229, -7.87914], [116.20635, -7.67887], [116.33229, -7.4193], [116.36151, -7.36059], [116.43429, -7.14009], [116.51105, -6.90673], [116.59342, -6.67036], [116.6824, -6.38609], [116.76798, -6.12693], [116.87154, -5.78127], [117.05338, -5.54486], [117.21369, -5.35094], [117.36103, -5.15598], [117.38142, -5.12871], [117.53129, -4.94767], [117.61056, -4.84202], [117.72366, -4.71605], [117.83987, -4.55564], [117.98994, -4.36912], [118.18118, -4.12212], [118.34331, -3.92186], [118.50597, -3.71547], [118.55129, -3.66017], [118.59192, -3.60691], [118.59346, -3.58561], [118.59313, -3.56779], [118.59387, -3.55673], [118.59185, -3.31039], [118.59261, -3.22135], [118.59142, -3.2029], [118.57481, -3.13632], [118.56974, -3.10171], [118.55427, -2.85484], [118.5379, -2.62652], [118.50988, -2.45983], [118.49221, -2.32018], [118.49407, -2.23084], [118.49202, -2.19521], [118.47473, -2.10781], [118.44046, -1.9908], [118.40788, -1.8008], [118.35437, -1.58434], [118.29765, -1.34368], [118.25253, -1.14407], [118.24079, -1.08835], [118.21738, -1.03492], [118.21801, -1.01798], [118.23947, -0.83039], [118.25372, -0.75833], [118.26808, -0.62999], [118.25179, -0.42262], [118.23843, -0.27167], [118.23201, -0.20386], [118.23018, -0.15169], [118.22862, -0.12075], [118.22302, -0.0084], [118.23092, 0.00191], [118.44605, 0.0162], [118.56462, 0.02433], [118.56354, 0.04022], [118.43722, 0.05168], [118.32867, 0.07064], [118.23901, 0.09391], [118.22749, 0.0972], [118.1957, 0.0963], [118.18443, 0.09798], [118.14996, 0.11005], [118.04205, 0.04228], [118.03742, 0.03234], [118.03463, -0.06371], [118.0206, -0.06767], [118.01638, 0.1617], [118.01656, 0.21054], [118.0222, 0.21941], [118.03059, 0.20487], [118.03029, 0.18204], [118.03038, 0.16532], [118.03047, 0.15036], [118.02967, 0.06803], [118.03579, 0.05885], [118.04767, 0.04981], [118.05794, 0.04171], [118.11362, -0.00072], [118.1035, -0.01206], [117.93999, 0.00181], [117.93022, 0.00992], [117.93169, 0.02075], [118.02465, 0.03045], [118.03395, 0.02655], [118.02457, 0.01538], [117.98877, 0.01579], [117.97567, 0.01623], [117.79932, 0.01546], [117.74834, 0.01578], [117.71928, 0.01729], [117.64522, 0.01538], [117.63521, 0.01404], [117.61473, 0.02761], [117.58954, 0.03551], [117.57683, 0.04225], [117.55612, 0.05615], [117.54488, 0.07247], [117.52471, 0.08999], [117.49722, 0.09392], [117.48394, 0.09551], [117.5026, 0.09392], [117.51592, 0.09378], [117.52472, 0.08847], [117.53978, 0.07817], [117.54619, 0.0701], [117.5517, 0.06173], [117.56759, 0.04734], [117.8004, 0.00152], [117.8274, -0.00371], [117.92242, -0.03239], [117.97931, -0.04326], [117.99985, -0.04899], [118.00633, -0.06376], [118.05572, -0.27162], [118.17102, -0.71562], [118.21985, -0.77416], [118.26456, -0.83798], [118.31374, -1.06896], [118.36578, -1.35454], [118.40669, -1.57178], [118.55495, -2.83388], [118.55116, -2.9854], [118.55549, -3.20682], [118.55533, -3.22399], [118.55268, -3.30537], [118.5444, -3.42023], [118.5315, -3.65586], [118.51345, -3.7033], [118.47514, -3.76027], [118.39461, -3.87093], [118.08259, -4.24465], [117.52818, -4.94121], [117.48535, -4.99022], [117.43599, -5.03382], [117.29525, -5.2376], [117.2605, -5.28712], [116.9481, -5.67206], [116.89136, -5.75032], [116.81321, -5.98253], [116.67195, -6.39456], [116.65557, -6.44148], [116.59241, -6.68074], [116.58028, -6.73551], [116.49866, -6.93624], [116.48395, -6.98299], [116.50066, -7.21958], [116.52446, -7.5989], [116.51737, -7.84232], [116.5115, -7.96693], [116.50588, -7.97583], [116.4968, -7.98027], [116.48011, -7.98638], [116.46301, -7.99125], [116.28957, -8.03608], [116.21426, -8.0574], [116.17577, -8.06994], [116.16544, -8.0731], [116.15472, -8.07569], [116.14427, -8.09065], [116.15075, -8.09905], [116.16078, -8.09977], [116.17796, -8.08689], [116.22743, -8.04362], [116.2695, -8.01131], [116.373, -7.94046], [116.46274, -7.88274], [116.51296, -7.84718], [116.52205, -7.85837], [116.46695, -7.89727], [116.4525, -7.90758], [116.3925, -7.95969], [116.36223, -7.98091], [116.32363, -7.99626], [116.14893, -8.08529], [116.05557, -8.12954], [116.03387, -8.13503], [116.02273, -8.13264], [116.0221, -8.12223], [116.03561, -8.11466], [116.08484, -8.09256], [116.11241, -8.0792], [116.1428, -8.06297], [116.23756, -8.00375], [116.30576, -7.95644], [116.46084, -7.84113], [116.47178, -7.83319], [116.47397, -7.82254], [116.45438, -7.81424], [116.40255, -7.83411], [116.28172, -7.90169], [116.09382, -8.00423], [116.03622, -8.03845], [116.03302, -8.02632], [116.08573, -8.01271], [116.09752, -8.00954], [116.15069, -7.9913], [116.16263, -7.98605], [116.32355, -7.9015], [116.37891, -7.87072], [116.3893, -7.86583], [116.45186, -7.83235], [116.5066, -7.80652], [116.5122, -7.81976], [116.35994, -7.89823], [116.18515, -7.99341], [116.16693, -8.00766], [116.1258, -8.03543], [116.12322, -8.04622], [116.13241, -8.05046], [116.14264, -8.04667], [116.16356, -8.03697], [116.23079, -7.99922], [116.39828, -7.9222], [116.48444, -7.88293], [116.49313, -7.87491], [116.48883, -7.86532], [116.47718, -7.86692], [116.39514, -7.90723], [116.37296, -7.92009], [116.32931, -7.95309], [116.31041, -7.96431], [116.25754, -7.99137], [116.24678, -7.99606], [116.20929, -8.00832], [116.05782, -8.03569], [116.04724, -8.02267], [116.16805, -7.98073], [116.27392, -7.95857], [116.35177, -7.93181], [116.52987, -7.87073], [116.54321, -7.86736], [116.54679, -7.8822], [116.36042, -7.93075], [116.2203, -7.96166], [116.21434, -7.96997], [116.22425, -7.97666], [116.24372, -7.98404], [116.28875, -7.97304], [116.4594, -7.92047], [116.47289, -7.91486], [116.52766, -7.88889], [116.53152, -7.87872], [116.52441, -7.87164], [116.50454, -7.87688], [116.3415, -7.92079], [116.35294, -7.9175], [116.33223, -7.92336], [116.29941, -7.93636], [116.2245, -7.97068], [116.20215, -7.97574], [116.10788, -8.0015], [116.07943, -8.0069], [116.08238, -7.99038], [116.09397, -7.98587], [116.12546, -7.99712], [116.09764, -8.00343], [116.10719, -7.98064], [116.12348, -7.97489], [116.14746, -7.96826], [116.1829, -7.9615], [116.21916, -7.95697], [116.27935, -7.95688], [116.28999, -7.95723], [116.45075, -7.95698], [116.45589, -7.97168], [116.42432, -7.97247], [116.35956, -7.95978], [116.34765, -7.9586], [116.3246, -7.9585], [116.31451, -7.96424], [116.26445, -8.00599], [116.2542, -8.0107], [116.079, -8.07994], [116.08167, -8.09532], [116.16215, -8.06884], [116.33088, -8.04831], [116.43239, -8.03927], [116.51307, -8.04016], [116.55124, -8.04063], [116.56145, -8.02585], [116.53831, -8.00643], [116.52885, -8.00068], [116.51695, -7.99452], [116.49249, -7.98371], [116.48331, -7.97835], [116.47238, -7.971], [116.41438, -7.92812], [116.40449, -7.92349], [116.39369, -7.92221], [116.30309, -7.92678], [116.26569, -7.93418], [116.25456, -7.9375], [116.2299, -7.94594], [116.06977, -7.99449], [116.06163, -8.00207], [116.01907, -8.11038], [116.02958, -8.12504], [116.04025, -8.12166], [116.11351, -8.09041], [116.12785, -8.08261], [116.18089, -8.05904], [116.29665, -8.01275], [116.47435, -7.9437], [116.51458, -7.92634], [116.51944, -7.91611], [116.50375, -7.85262], [116.49512, -7.82343], [116.48472, -7.81978], [116.41561, -7.85564], [116.31409, -7.9], [116.19913, -7.92886], [116.18939, -7.92432], [116.19141, -7.91395], [116.20207, -7.91128], [116.2125, -7.90997], [116.33858, -7.91155], [116.61039, -7.87111], [116.61175, -7.86099], [116.59372, -7.85673], [116.4528, -7.88245], [116.34356, -7.91626], [116.25933, -7.93529], [116.23589, -7.94423], [116.16708, -7.97655], [116.15529, -7.97727], [116.14699, -7.96886], [116.15506, -7.95861], [116.25641, -7.91907], [116.30692, -7.9055], [116.31122, -7.92295], [116.29911, -7.93344], [116.16578, -7.94196], [116.15574, -7.94725], [116.07033, -8.09396], [116.06348, -8.10697], [116.06297, -8.11719], [116.07213, -8.12132], [116.0973, -8.11104], [116.0534, -8.06634], [115.97822, -8.01478], [115.96356, -8.02362], [115.94728, -8.06766], [115.94124, -8.08128], [115.91106, -8.13853], [115.8948, -8.13649], [115.87803, -8.11765], [115.87838, -8.1072], [115.91398, -8.08171], [115.92399, -8.08508], [115.92413, -8.09542], [115.89424, -8.18586], [115.86876, -8.24774], [115.82587, -8.33643], [115.79695, -8.4153], [115.78515, -8.44266], [115.77315, -8.47588], [115.76478, -8.49554], [115.74778, -8.54017], [115.73385, -8.58124], [115.72626, -8.58872], [115.71586, -8.59139], [115.66634, -8.59982], [115.6483, -8.6001], [115.63476, -8.60576], [115.62479, -8.60887], [115.61461, -8.60966], [115.60088, -8.60972], [115.59008, -8.61174], [115.57305, -8.6169], [115.53829, -8.62888], [115.5087, -8.63512], [115.49698, -8.6356], [115.47154, -8.63484], [115.45935, -8.63332], [115.44611, -8.62899], [115.42663, -8.62159], [115.41458, -8.61754], [115.40636, -8.61143], [115.39101, -8.61486], [115.40322, -8.62695], [115.41395, -8.62472], [115.41622, -8.6146], [115.40711, -8.60803], [115.39464, -8.62186], [115.39319, -8.63349], [115.39679, -8.64387], [115.40658, -8.64098], [115.41117, -8.62133], [115.40477, -8.61358], [115.39396, -8.61458], [115.38798, -8.62288], [115.39546, -8.63044], [115.37315, -8.64433], [115.36331, -8.65512], [115.35548, -8.66193], [115.34805, -8.66978], [115.33532, -8.68395], [115.31055, -8.70927], [115.30242, -8.71948], [115.26831, -8.73627], [115.25771, -8.7398], [115.24207, -8.74993], [115.23283, -8.75583], [115.22267, -8.7527], [115.2108, -8.74709], [115.22228, -8.75223], [115.2318, -8.75553], [115.24735, -8.74561], [115.2607, -8.73832], [115.28544, -8.72722], [115.31602, -8.69953], [115.33359, -8.67971], [115.34288, -8.66648], [115.3778, -8.63875], [115.38659, -8.63385], [115.40907, -8.62586], [115.41939, -8.6253], [115.43794, -8.62547], [115.49548, -8.62252], [115.56134, -8.62106], [115.60844, -8.6225], [115.67066, -8.61895], [115.68597, -8.61937], [115.69787, -8.62135], [115.73327, -8.63509], [115.74479, -8.63637], [115.75555, -8.63321], [115.77723, -8.62519], [115.78293, -8.61674], [115.81181, -8.54487], [115.88571, -8.34757], [115.98364, -8.14318], [116.05982, -7.99526], [116.07257, -7.96823], [116.08559, -7.9437], [116.13402, -7.83391], [116.23432, -7.64386], [116.29317, -7.52318], [116.37735, -7.27948], [116.53267, -6.84042], [116.60604, -6.61565], [116.61119, -6.59836], [116.64788, -6.43545], [116.66025, -6.39626], [116.71485, -6.26472], [116.72318, -6.23712], [116.75705, -6.07717], [116.80234, -5.95242], [116.82018, -5.92992], [116.93928, -5.7967], [117.00207, -5.71288], [117.02426, -5.69719], [117.04928, -5.68482], [117.07176, -5.66858], [117.202, -5.45759], [117.33329, -5.23756], [117.46412, -5.04681], [117.52754, -4.95107], [117.66719, -4.77602], [117.80462, -4.60964], [117.95023, -4.42537], [118.22084, -4.06967], [118.36818, -3.87507], [118.42274, -3.80535], [118.46083, -3.74844], [118.59829, -3.00556], [118.58611, -2.85876], [118.59083, -2.70818], [118.59692, -2.65383], [118.58798, -2.6222], [118.57594, -2.56489], [118.57063, -2.52724], [118.44815, -1.96304], [118.42159, -1.85959], [118.41979, -1.84966], [118.41822, -1.83675], [118.41634, -1.68296], [118.41055, -1.6656], [118.36482, -1.58695], [118.35795, -1.54465], [118.333, -1.4155], [118.33644, -1.31922], [118.33054, -1.27585], [118.31529, -1.05263], [118.31369, -1.03149], [118.27004, -0.83626], [118.26238, -0.80534], [118.1975, -0.61277], [118.12743, -0.41596], [118.11791, -0.38973], [118.06951, -0.19882], [118.06761, -0.18691], [118.05727, 0.01565], [118.04521, 0.01586], [118.09446, 0.00517], [118.14788, 0.01678], [118.04495, 0.00472], [117.94, 0.0038], [117.98941, 0.02805], [117.89068, 0.02554], [117.87652, 0.03459], [117.85926, 0.03643], [117.84853, 0.03604], [117.83832, 0.03234], [117.81601, 0.02241], [117.80597, 0.02089], [117.6637, 0.01507], [117.64236, 0.01248], [117.62506, 0.01408], [117.61653, 0.01971], [117.59593, 0.03062], [117.57492, 0.04255], [117.55634, 0.05541], [117.55058, 0.06411], [117.54461, 0.07293], [117.52166, 0.09138], [117.51097, 0.09366], [117.49928, 0.09395], [117.48412, 0.09523], [117.5156, 0.09426], [117.54155, 0.0768], [117.55218, 0.06044], [117.56, 0.05376], [117.56895, 0.04685], [117.58917, 0.04509], [117.60468, 0.03987], [117.62645, 0.03133], [117.6458, 0.02584], [117.87164, -0.01027], [118.01623, -0.02023], [118.02946, -0.03544], [118.02984, -0.05043], [118.03009, -0.09092], [118.02687, -0.13489], [118.07957, -0.36431], [118.0897, -0.40961], [118.1457, -0.5395], [118.15747, -0.58582], [118.22281, -0.75718], [118.25847, -0.89757], [118.44517, -1.96255], [118.554, -3.30526], [118.55328, -3.36811], [118.04311, -4.29341], [117.88318, -4.49846], [117.66944, -4.76848], [117.50066, -4.97576], [117.37628, -5.1299], [117.32766, -5.18487], [117.16016, -5.40191], [116.84919, -5.80074], [116.77362, -6.07911], [116.67368, -6.36396], [116.59342, -6.61657], [116.57731, -6.66876], [116.53393, -6.77931], [116.50894, -6.86334], [116.50506, -6.8806], [116.49992, -7.01497], [116.49641, -7.13107], [116.50854, -7.15656], [116.53329, -7.17807], [116.54229, -7.1873], [116.54445, -7.23621], [116.53127, -7.38981], [116.50184, -7.56183], [116.49866, -7.59768], [116.49854, -7.63649], [116.52872, -7.88768], [116.54828, -8.01557], [116.5509, -8.07725], [116.5388, -8.08994], [116.52646, -8.08955], [116.50518, -8.08324], [116.43479, -8.05136], [116.41314, -8.03765], [116.37566, -8.02682], [116.33033, -8.0186], [116.2567, -8.02105], [116.18303, -8.01737], [116.08976, -8.07303], [116.08082, -8.07986], [116.07245, -8.0876], [116.06102, -8.10045], [116.04877, -8.11637], [116.0418, -8.12601], [116.03682, -8.1359], [116.03441, -8.14688], [116.03943, -8.15634], [116.05211, -8.15878], [116.08673, -8.13461], [116.1345, -8.10056], [116.14593, -8.09237], [116.13753, -8.09841], [116.18734, -8.0625], [116.25739, -8.0142], [116.29054, -7.99782], [116.33693, -7.98363], [116.41161, -7.95581], [116.36084, -7.97482], [116.43498, -7.94663], [116.42371, -7.93761], [116.4097, -7.94367], [116.43405, -7.93474], [116.39359, -7.95055], [116.41493, -7.94142], [116.36395, -7.96331], [116.2784, -8.00071], [116.25974, -8.00695], [116.24377, -8.01394], [116.25359, -8.00961], [116.23041, -8.01993], [116.1696, -8.07273], [116.06637, -8.14176], [116.0543, -8.13256], [116.16598, -8.09274], [116.34485, -8.04779], [116.43314, -8.0234], [116.48942, -8.00214], [116.51791, -7.98846], [116.52181, -7.97881], [116.51346, -7.97142], [116.50318, -7.97258], [116.49023, -7.98023], [116.47945, -7.98567], [116.44185, -8.00113], [116.43055, -8.00359], [116.35832, -8.01492], [116.32125, -8.02501], [116.31091, -8.0306], [116.29147, -8.04481], [116.28082, -8.04933], [116.26145, -8.05572], [116.05952, -8.10122], [116.01588, -8.11151], [116.01042, -8.09928], [116.04941, -8.0881], [116.07671, -8.08306], [116.25984, -8.06792], [116.28592, -8.06643], [116.29402, -8.0526], [116.25476, -8.05276], [116.24348, -8.05325], [116.21841, -8.05141], [116.14401, -8.064], [116.09045, -8.06871], [115.97429, -8.08293], [115.90533, -8.08233], [115.89835, -8.09106], [115.88125, -8.15236], [115.86636, -8.16282], [115.84947, -8.16891], [115.8416, -8.28641], [115.83788, -8.30288], [115.82926, -8.33302], [115.82246, -8.36431], [115.81144, -8.39712], [115.80735, -8.40703], [115.80183, -8.42246], [115.79113, -8.44923], [115.76828, -8.49444], [115.75146, -8.52533], [115.71898, -8.61523], [115.70373, -8.62792], [115.69362, -8.62468], [115.65952, -8.60903], [115.63956, -8.60214], [115.62741, -8.60189], [115.59631, -8.60379], [115.53774, -8.60224], [115.52152, -8.59115], [115.52299, -8.58081], [115.53835, -8.58855], [115.53665, -8.59918], [115.52222, -8.60974], [115.46579, -8.61254], [115.44652, -8.60309], [115.42332, -8.60096], [115.3875, -8.60173], [115.37774, -8.60512], [115.36896, -8.62369], [115.37318, -8.63286], [115.37829, -8.64148], [115.37809, -8.65299], [115.36304, -8.66481], [115.35035, -8.6678], [115.33061, -8.68904], [115.31726, -8.70464], [115.29836, -8.72307], [115.29132, -8.73063], [115.2806, -8.73009], [115.26909, -8.73604], [115.25123, -8.7433], [115.2362, -8.75496], [115.22496, -8.75358], [115.2149, -8.74915], [115.22423, -8.75304], [115.23707, -8.75458], [115.25049, -8.74394], [115.26982, -8.73615], [115.28908, -8.72627], [115.29896, -8.72063], [115.31311, -8.71114], [115.35598, -8.68816], [115.36906, -8.67808], [115.38245, -8.66581], [115.38993, -8.6579], [115.40381, -8.63781], [115.41762, -8.62598], [115.43634, -8.6248], [115.45286, -8.62538], [115.47001, -8.62495], [115.48923, -8.62609], [115.53859, -8.62316], [115.57106, -8.61951], [115.58143, -8.6191], [115.63312, -8.62094], [115.67024, -8.6206], [115.78115, -8.61328], [115.7913, -8.60982], [115.79848, -8.60206], [115.82993, -8.53101], [115.83301, -8.51995], [115.84591, -8.46008], [115.90529, -8.31568], [115.9191, -8.29024], [116.01639, -8.07977], [116.11413, -7.87348], [116.16407, -7.76477], [116.17029, -7.74923], [116.22373, -7.62711], [116.29412, -7.50606], [116.34831, -7.39758], [116.42799, -7.19475], [116.52587, -6.85628], [116.61306, -6.59146], [116.62485, -6.56004], [116.68057, -6.45087], [116.69277, -6.31838], [116.78957, -6.05625], [116.95471, -5.6772], [117.10988, -5.48263], [117.28029, -5.27122], [117.89761, -4.48717], [118.12208, -4.20008], [118.53518, -3.67191], [118.5787, -3.51917], [118.58148, -3.50447], [118.58921, -3.32137], [118.56331, -2.51976], [118.55904, -2.498], [118.5281, -2.3701], [118.4933, -2.21541], [118.49031, -2.20501], [118.47796, -2.15599], [118.47542, -2.12689], [118.45597, -2.03325], [118.43804, -1.96753], [118.43373, -1.95615], [118.39214, -1.76937], [118.27043, -1.10881], [118.24589, -0.92322], [118.23362, -0.80178], [118.22844, -0.77111], [118.18603, -0.577], [118.14183, -0.38321], [118.12107, -0.30064], [118.12078, -0.27239], [118.12282, -0.26064], [118.23061, -0.07539], [118.26265, -0.01619], [118.27424, 0.00271], [118.37339, 0.0054], [118.42726, -0.00826], [118.36459, -0.00686], [118.27964, 0.00731], [118.23368, 0.02327], [118.04704, 0.02802], [118.04356, 0.01452], [118.08756, 0.01207], [118.2289, 0.01662], [118.27615, 0.03039], [118.1486, 0.03602], [118.10874, 0.03543], [118.04533, 0.02394], [117.96519, 0.0226], [117.95387, 0.00629], [117.97068, -0.00629], [117.98864, -0.00645], [117.99613, 0.00224], [117.9902, 0.01498], [117.97091, 0.01635], [117.94719, 0.01565], [117.93031, 0.01435], [117.91869, 0.01607], [117.88653, 0.04264], [117.86912, 0.04214], [117.86187, 0.03308], [117.85509, 0.02094], [117.83969, 0.01101], [117.82121, 0.01706], [117.81327, 0.02339], [117.78492, 0.02676], [117.75916, 0.02367], [117.64235, 0.01369], [117.63112, 0.01283], [117.62563, 0.02135], [117.60541, 0.02665], [117.58767, 0.0339], [117.57376, 0.04136], [117.55686, 0.05464], [117.54627, 0.07143], [117.52102, 0.09215], [117.49823, 0.09401], [117.48385, 0.09515], [117.49394, 0.095], [117.51336, 0.09444], [117.54273, 0.07553], [117.55172, 0.06081], [117.55908, 0.05309], [117.57681, 0.04476], [117.65325, 0.0276], [117.6717, 0.02175], [117.68766, 0.01912], [117.69979, 0.01507], [117.72067, 0.00598], [117.74719, -0.00742], [117.85997, -0.02763], [117.89368, -0.0356], [117.96075, -0.04632], [117.97129, -0.04799], [117.99225, -0.05106], [118.00439, -0.06098], [118.0574, -0.28056], [118.10712, -0.4894], [118.15546, -0.62637], [118.19071, -0.71159], [118.27662, -1.03581], [118.29858, -1.17618], [118.31269, -1.26474], [118.34429, -1.5106], [118.3982, -1.77974], [118.46304, -2.1001], [118.47217, -2.15476], [118.48744, -2.22583], [118.5175, -2.31177], [118.57457, -2.55633], [118.59829, -2.66247], [118.58883, -2.81959], [118.58875, -2.83288], [118.59298, -2.95871], [118.59274, -2.99633], [118.59457, -3.10947], [118.59476, -3.14412], [118.58755, -3.36991], [118.55946, -3.60968], [118.53793, -3.65018], [118.26099, -4.00569], [117.72974, -4.69696], [117.49453, -4.99348], [117.22763, -5.33476], [116.96535, -5.65657], [116.7037, -6.26166], [116.55922, -6.70625], [116.5178, -6.93903], [116.48168, -7.0235], [116.38689, -7.29022], [116.37713, -7.32767], [116.37435, -7.3509], [116.37376, -7.3666], [116.38114, -7.42416], [116.40753, -7.61919], [116.45127, -7.77978], [116.49352, -7.89381], [116.51205, -7.95421], [116.50206, -7.97263], [116.46849, -7.9865], [116.45997, -7.99212], [116.42074, -8.02059], [116.40372, -8.031], [116.3773, -8.03733], [116.36545, -8.04311], [116.26756, -8.06405], [116.25829, -8.06792], [116.24576, -8.07348], [116.23618, -8.07672], [116.1351, -8.09882], [116.11626, -8.09924], [116.0999, -8.10282], [116.06041, -8.11309], [116.04578, -8.10235], [116.05287, -8.09386], [116.19787, -8.06396], [116.25017, -8.04113], [116.34161, -8.01161], [116.39333, -7.9832], [116.50057, -7.93557], [116.5083, -7.92807], [116.50726, -7.90996], [116.49031, -7.90224], [116.47202, -7.9088], [116.38321, -7.95263], [116.31082, -7.99725], [116.28082, -8.00958], [116.24904, -8.02062], [116.20369, -8.04513], [116.13102, -8.09349], [116.12625, -8.10312], [116.14107, -8.11324], [116.2251, -8.07523], [116.24925, -8.06636], [116.32396, -8.02727], [116.34978, -8.00032], [116.36538, -7.97976], [116.36415, -7.96923], [116.33513, -7.96274], [116.32452, -7.96258], [116.3051, -7.97143], [116.16422, -8.06453], [116.08869, -8.12084], [116.08023, -8.11181], [116.12614, -8.0763], [116.24001, -8.04197], [116.29054, -8.02293], [116.32986, -8.01247], [116.403, -8.006], [116.42518, -8.00176], [116.43633, -7.99902], [116.4982, -7.98344], [116.53548, -7.97391], [116.61165, -7.95688], [116.61661, -7.96803], [116.60894, -7.97463], [116.5298, -7.97902], [116.50907, -7.9784], [116.3388, -7.98979], [116.31557, -7.9887], [116.21841, -7.98267], [116.19939, -7.97982], [116.18861, -7.9811], [116.00182, -8.04365], [115.91759, -8.07239], [115.90363, -8.10741], [115.88844, -8.10671], [115.90362, -8.10387], [115.90281, -8.11503], [115.87417, -8.21429], [115.86725, -8.22205], [115.86237, -8.23184], [115.86245, -8.24518], [115.86182, -8.25627], [115.85663, -8.265], [115.85417, -8.2754], [115.82801, -8.36476], [115.81676, -8.39616], [115.81105, -8.42333], [115.80562, -8.44055], [115.79682, -8.46312], [115.78233, -8.49469], [115.7398, -8.57859], [115.73108, -8.60305], [115.71626, -8.6141], [115.6648, -8.6161], [115.64632, -8.61048], [115.6644, -8.61464], [115.69299, -8.62862], [115.68999, -8.64643], [115.6794, -8.64727], [115.65918, -8.64508], [115.63021, -8.63928], [115.58733, -8.62416], [115.56039, -8.61839], [115.49795, -8.61771], [115.4809, -8.61636], [115.4641, -8.61382], [115.4463, -8.60693], [115.43806, -8.59899], [115.42053, -8.59539], [115.40696, -8.61463], [115.39103, -8.62245], [115.3815, -8.61775], [115.37099, -8.61412], [115.36026, -8.61872], [115.35614, -8.62913], [115.35159, -8.65337], [115.3208, -8.6992], [115.316, -8.71781], [115.30904, -8.72526], [115.28957, -8.72659], [115.27938, -8.73287], [115.26991, -8.73631], [115.25993, -8.73852], [115.24782, -8.74554], [115.23045, -8.75544], [115.21521, -8.74942], [115.22987, -8.75514], [115.24663, -8.74625], [115.26347, -8.73532], [115.27595, -8.72917], [115.29177, -8.72199], [115.32986, -8.69531], [115.35444, -8.67588], [115.38157, -8.64709], [115.42808, -8.62076], [115.43861, -8.6166], [115.45006, -8.61398], [115.49808, -8.61392], [115.59057, -8.61989], [115.61004, -8.61834], [115.69423, -8.65351], [115.70382, -8.65984], [115.71327, -8.66757], [115.72663, -8.68103], [115.73482, -8.67384], [115.74576, -8.6514], [115.75899, -8.63299], [115.77649, -8.59941], [115.79583, -8.55906], [115.84672, -8.42925], [115.92264, -8.26954], [116.0302, -8.05531], [116.05527, -8.00177], [116.07982, -7.94039], [116.18672, -7.72195], [116.2891, -7.5043], [116.36115, -7.36083], [116.43946, -7.13715], [116.47456, -7.0215], [116.49933, -6.90172], [116.51244, -6.86359], [116.56683, -6.74566], [116.68298, -6.37053], [116.78227, -6.24316], [116.78691, -6.20803], [116.90423, -5.732], [117.33646, -5.18904], [117.48947, -4.99723], [117.63306, -4.81814], [117.78185, -4.6327], [117.93067, -4.43982], [117.97987, -4.37661], [118.02154, -4.31722], [118.17229, -4.13578], [118.32719, -3.94388], [118.3886, -3.86947], [118.52445, -3.69347], [118.58282, -3.61519], [118.59039, -3.60103], [118.58891, -3.38451], [118.58852, -3.33414], [118.58692, -3.30484], [118.59342, -3.09589], [118.59042, -3.00602], [118.59461, -2.96674], [118.59395, -2.92768], [118.59226, -2.89864], [118.59329, -2.86613], [118.57553, -2.60282], [118.47843, -2.13044], [118.47441, -2.1132], [118.24972, -0.53054], [118.24615, -0.41234], [118.24353, -0.39268], [118.21624, -0.26872], [118.20044, -0.15909], [118.20837, 0.02674], [118.20472, 0.03615], [118.05702, 0.14692], [118.04461, 0.15649], [118.0356, 0.1474], [118.08442, 0.14306], [118.0956, 0.14248], [118.28713, 0.13072], [118.41833, 0.1171], [118.18969, 0.08692], [118.05464, 0.06742], [118.06458, 0.05674], [118.38994, 0.07874], [118.14877, 0.02195], [118.19822, 0.04523], [118.13777, 0.0409], [118.00726, 0.02237], [117.94838, 0.01998], [117.92676, 0.03199], [117.89415, 0.05631], [117.88364, 0.05514], [117.88081, 0.0365], [117.87967, 0.01986], [117.86317, 0.01535], [117.84993, 0.01852], [117.82211, 0.02782], [117.80961, 0.0309], [117.79886, 0.03184], [117.78029, 0.03115], [117.74944, 0.02566], [117.73028, 0.01811], [117.64956, 0.01435], [117.63672, 0.01142], [117.62544, 0.01343], [117.60097, 0.03005], [117.57429, 0.04475], [117.55555, 0.05718], [117.54851, 0.06825], [117.52249, 0.09127], [117.49477, 0.09365], [117.48444, 0.09547], [117.5154, 0.09411], [117.53993, 0.07842], [117.54642, 0.07081], [117.55402, 0.05892], [117.58401, 0.04278], [117.60122, 0.03855], [117.75501, 0.01057], [117.8044, -0.00163], [117.87977, -0.01257], [118.01201, -0.05928], [118.06153, -0.28119], [118.10717, -0.51196], [118.11274, -0.54239], [118.13084, -0.7298], [118.13671, -0.8619], [118.14111, -0.88213], [118.14591, -0.89099], [118.18035, -0.94246], [118.18421, -0.95248], [118.24641, -1.19876], [118.31181, -1.47978], [118.36632, -1.71952], [118.38107, -1.78363], [118.46578, -2.07233], [118.49328, -2.16942], [118.5278, -2.34761], [118.54112, -2.399], [118.55954, -2.45718], [118.59025, -2.59196], [118.58891, -2.63766], [118.58983, -2.71268], [118.58961, -2.73148], [118.58904, -2.78071], [118.5902, -2.84145], [118.58896, -2.93938], [118.58511, -2.99608], [118.58471, -3.03361], [118.59425, -3.29776], [118.58276, -3.64935], [118.29229, -4.00716], [118.11907, -4.20471], [118.00919, -4.35135], [117.99735, -4.36518], [117.98796, -4.37501], [117.56588, -4.90369], [117.35814, -5.16944], [117.0004, -5.61656], [116.88545, -5.76161], [116.87294, -5.79312], [116.84327, -5.85692], [116.81364, -5.90254], [116.80787, -5.91477], [116.72588, -6.14448], [116.62514, -6.52382], [116.61664, -6.57065], [116.56149, -6.74033], [116.46858, -6.95231], [116.38593, -7.1939], [116.38082, -7.28063], [116.38329, -7.3577], [116.39844, -7.45587], [116.41159, -7.52605], [116.41424, -7.5457], [116.47612, -7.75998], [116.51415, -7.8738], [116.51333, -7.88591], [116.50468, -7.8954], [116.4017, -7.98299], [116.31787, -8.04358], [116.29745, -8.05684], [116.25412, -8.09597], [116.18257, -8.13207], [116.03252, -8.19566], [116.01464, -8.18795], [116.01757, -8.17715], [116.18552, -8.10441], [116.19755, -8.0985], [116.27967, -8.04908], [116.33668, -8.01838], [116.38383, -7.98961], [116.48933, -7.93102], [116.51865, -7.9135], [116.52983, -7.92539], [116.50428, -7.93235], [116.47682, -7.93768], [116.33616, -7.97954], [116.22805, -7.99693], [116.21875, -8.00181], [116.14334, -8.04953], [116.07419, -8.09752], [116.02369, -8.14992], [116.01553, -8.15707], [116.02476, -8.16475], [116.18613, -8.08423], [116.19515, -8.07845], [116.21043, -8.06729], [116.24966, -8.04328], [116.39063, -7.98269], [116.46264, -7.95745], [116.47773, -7.95066], [116.50495, -7.9354], [116.51715, -7.93865], [116.51547, -7.95099], [116.49565, -7.96165], [116.35972, -8.04457], [116.3194, -8.07212], [116.30822, -8.07875], [116.29169, -8.08707], [116.24864, -8.10093], [116.22622, -8.10571], [116.21334, -8.0961], [116.21618, -8.08629], [116.27116, -8.05005], [116.33521, -8.0172], [116.32908, -7.99958], [116.26966, -7.99792], [116.09613, -8.00665], [116.08564, -8.00857], [116.03717, -8.02947], [116.02516, -8.0364], [116.01465, -8.03735], [116.00013, -8.02817], [115.98438, -8.02085], [115.97379, -8.0217], [115.96325, -8.02453], [115.93647, -8.04378], [115.93155, -8.05283], [115.92053, -8.0801], [115.92491, -8.08917], [115.93333, -8.08313], [115.9401, -8.07171], [115.92824, -8.06241], [115.90205, -8.06423], [115.89358, -8.06965], [115.87816, -8.12612], [115.84446, -8.21815], [115.83547, -8.29379], [115.79758, -8.42561], [115.76294, -8.526], [115.73742, -8.5943], [115.73, -8.60267], [115.71899, -8.6052], [115.67151, -8.60832], [115.61832, -8.60911], [115.60787, -8.61334], [115.60557, -8.62366], [115.61986, -8.61906], [115.60912, -8.60118], [115.59823, -8.59605], [115.5771, -8.5898], [115.55822, -8.59073], [115.54112, -8.60023], [115.53028, -8.61556], [115.52038, -8.621], [115.50978, -8.61701], [115.50226, -8.60806], [115.49191, -8.60502], [115.48028, -8.60641], [115.42964, -8.61964], [115.41157, -8.62561], [115.37182, -8.65234], [115.32555, -8.6913], [115.3052, -8.71246], [115.29127, -8.72443], [115.27676, -8.73219], [115.25807, -8.73945], [115.23801, -8.75403], [115.22759, -8.7546], [115.2159, -8.74983], [115.22576, -8.75332], [115.23617, -8.75469], [115.24793, -8.74558], [115.25819, -8.74154], [115.26926, -8.73977], [115.28949, -8.73706], [115.30081, -8.73434], [115.3117, -8.73064], [115.32226, -8.71905], [115.35451, -8.67655], [115.37181, -8.65141], [115.38539, -8.63886], [115.40995, -8.62372], [115.43189, -8.62076], [115.48277, -8.61894], [115.52563, -8.62103], [115.59568, -8.61561], [115.64007, -8.57463], [115.71218, -8.51046], [115.76899, -8.46512], [115.82454, -8.42642], [115.83243, -8.41906], [115.85455, -8.39535], [115.89365, -8.34324], [115.8992, -8.33379], [116.00934, -8.09371], [116.03643, -8.03559], [116.06803, -7.95563], [116.18517, -7.72582], [116.31167, -7.46505], [116.32527, -7.43252], [116.53233, -6.84253], [116.70955, -6.3151], [117.55415, -4.90775], [117.58923, -4.86365], [117.77727, -4.6566], [117.92503, -4.45101], [118.57533, -3.00185], [118.47742, -2.28058], [118.46326, -2.04766], [118.29313, -1.33411], [118.26127, -1.20125], [118.24892, -1.1126], [118.17732, -0.8176], [118.10848, -0.53824], [118.0479, -0.2826], [118.01239, -0.18421], [117.98242, -0.09884], [117.97527, -0.08226], [117.94652, -0.04034], [117.9278, -0.0223], [117.87544, 0.00856], [117.85711, 0.01475], [117.81134, 0.02457], [117.79955, 0.02616], [117.75874, 0.02648], [117.67673, 0.02102], [117.6393, 0.01396]]]}}]}